_RAJ2000,_DEJ2000,SDSS,S_N,umag,e_umag,gmag,e_gmag,rmag,e_rmag,imag,e_imag,zmag,e_zmag,E_B-V_,pm
8.2812,-0.7926,003310.58-004818.55,13,20.645,0.055,19.679,0.022,19.555,0.034,19.549,0.030,19.490,0.063,0.021,1.900
40.0070,0.3572,024002.92+002050.50,17,20.330,0.050,19.470,0.020,19.310,0.020,19.240,0.020,19.360,0.060,0.030,0.000
114.8989,37.7119,073929.46+374511.15,15,20.356,0.050,19.714,0.020,19.453,0.019,19.333,0.020,19.326,0.057,0.064,9.700
114.4005,39.4812,073738.58+392944.34,13,21.187,0.085,20.017,0.020,19.920,0.022,19.964,0.029,19.935,0.097,0.052,2.600
126.4454,38.9211,082543.50+385609.99,15,20.062,0.040,19.488,0.019,19.276,0.020,19.247,0.021,19.196,0.043,0.043,49.100
139.2422,-2.1377,091650.95-021042.78,16,19.969,0.045,19.478,0.018,19.396,0.019,19.434,0.026,19.493,0.089,0.041,24.400
186.3572,-1.5968,122526.86-013749.49,13,20.892,0.069,19.963,0.021,19.881,0.023,19.860,0.033,19.990,0.116,0.029,5.800
166.2095,0.5379,110440.66+003058.21,14,20.581,0.074,19.540,0.021,19.337,0.021,19.363,0.022,19.309,0.050,0.047,5.500
177.6450,0.0208,115044.45+000244.30,11,20.600,0.070,19.560,0.030,19.530,0.020,19.540,0.020,19.630,0.060,0.019,0.000
227.7662,27.6001,151116.46+273601.59,13,20.921,0.073,19.802,0.036,19.680,0.019,19.672,0.019,19.596,0.067,0.035,6.000
219.8233,29.8548,143905.15+295135.97,12,20.217,0.045,19.286,0.020,19.234,0.020,19.236,0.022,19.347,0.054,0.013,5.700
226.8324,29.4608,150729.46+292732.51,11,21.100,0.074,20.067,0.024,20.024,0.026,20.033,0.029,19.973,0.088,0.025,1.800
233.9860,24.2979,153557.20+241741.65,13,20.356,0.046,19.780,0.019,19.488,0.018,19.386,0.021,19.288,0.057,0.050,32.100
340.8762,-1.5786,224326.16-013516.87,15,20.668,0.061,19.515,0.026,19.352,0.021,19.389,0.022,19.310,0.051,0.061,7.000
2.0018,-2.8591,000758.17-024941.85,20,19.408,0.031,18.938,0.018,18.701,0.018,18.667,0.015,18.646,0.038,0.038,48.500
1.8469,-2.5982,000720.18-023456.03,15,19.472,0.042,19.031,0.019,18.819,0.016,18.783,0.033,18.801,0.039,0.038,0.000
32.1216,-5.8283,020832.20-054928.80,20,19.158,0.032,18.564,0.026,18.306,0.017,18.184,0.019,18.181,0.028,0.022,143.400
338.4687,5.8038,223354.71+054706.61,19,19.226,0.033,19.423,0.021,19.742,0.024,20.056,0.031,20.312,0.132,0.139,2.500
180.0633,40.0319,120015.84+400142.33,13,20.678,0.069,19.636,0.025,19.574,0.024,19.694,0.028,19.615,0.074,0.026,2.000
227.1434,32.7047,150832.77+324212.90,11,20.624,0.049,19.573,0.023,19.496,0.027,19.570,0.026,19.488,0.059,0.020,3.500
144.1467,1.5057,093631.75+012658.81,11,20.978,0.085,19.913,0.023,19.773,0.023,19.719,0.034,19.592,0.095,0.053,11.500
335.9343,12.6045,222352.41+123523.16,11,21.593,0.100,20.585,0.029,20.406,0.027,20.396,0.032,20.157,0.088,0.073,1.300
336.3048,12.9240,222528.28+125441.18,24,18.108,0.016,18.412,0.016,18.807,0.017,19.108,0.023,19.420,0.061,0.080,3.700
336.8537,6.6173,222727.06+063528.39,15,19.703,0.033,19.564,0.026,19.727,0.022,19.892,0.031,20.065,0.111,0.120,15.400
339.6280,7.1395,223824.51+071055.76,25,18.563,0.025,18.863,0.020,19.276,0.016,19.580,0.021,19.805,0.092,0.111,7.800
335.9069,7.7966,222337.28+074438.11,21,18.562,0.023,18.757,0.020,19.163,0.018,19.480,0.023,19.765,0.092,0.111,34.000
27.7999,18.2131,015120.67+181247.94,13,20.395,0.082,19.752,0.027,19.643,0.024,19.717,0.034,19.776,0.116,0.044,20.300
23.3659,16.1879,013326.29+161132.82,12,20.792,0.073,19.892,0.018,19.610,0.035,19.486,0.022,19.378,0.061,0.072,7.600
134.5415,14.1942,085812.50+141345.21,18,19.930,0.039,18.769,0.020,18.653,0.017,18.711,0.020,18.894,0.037,0.042,0.900
144.8050,13.6735,093910.85+134154.10,20,19.458,0.029,18.616,0.027,18.296,0.014,18.184,0.015,18.143,0.025,0.035,47.100
171.3874,8.7270,112536.84+084504.54,20,18.550,0.021,18.714,0.020,19.120,0.019,19.462,0.029,19.562,0.098,0.061,19.600
225.1619,8.9644,150045.94+085753.52,11,21.399,0.107,20.496,0.030,20.475,0.031,20.471,0.042,20.241,0.120,0.035,0.000
229.1553,14.5857,151640.16+143320.58,11,20.700,0.050,19.810,0.020,19.720,0.020,19.730,0.030,19.650,0.070,0.047,0.000
143.8787,56.3131,093515.96+562042.11,38,17.091,0.030,17.517,0.025,18.019,0.025,18.434,0.028,18.632,0.045,0.021,35.200
139.7020,61.3408,091845.56+612215.10,32,17.673,0.019,17.917,0.022,18.316,0.016,18.663,0.021,18.963,0.049,0.029,7.000
143.1610,49.5154,093248.20+492931.26,11,19.880,0.033,19.468,0.026,19.364,0.022,19.320,0.022,19.302,0.051,0.012,16.100
139.3567,48.5766,091725.51+483354.94,23,18.426,0.017,18.731,0.027,19.178,0.027,19.473,0.036,19.716,0.077,0.018,6.000
144.9923,19.0666,094008.22+190354.97,68,16.105,0.015,16.321,0.025,16.778,0.017,17.107,0.015,17.461,0.023,0.024,19.500
138.1722,26.9476,091235.61+265828.45,59,16.071,0.015,16.458,0.017,16.961,0.016,17.347,0.013,17.668,0.019,0.030,32.900
143.9098,21.4660,093537.03+212904.01,12,20.809,0.063,19.833,0.020,19.730,0.021,19.675,0.025,19.568,0.071,0.029,2.200
142.7491,33.6341,093103.31+333947.77,35,16.850,0.023,17.155,0.081,17.667,0.032,17.976,0.020,19.003,0.045,0.016,57.700
207.8651,20.9868,135123.30+205947.82,11,20.633,0.064,19.788,0.031,19.676,0.029,19.558,0.023,19.409,0.067,0.027,6.900
166.3582,18.1221,110514.47+180613.45,14,20.458,0.050,19.587,0.023,19.491,0.019,19.498,0.034,19.426,0.058,0.022,3.400
219.6735,18.0495,143846.97+180322.22,11,20.379,0.049,19.761,0.023,19.510,0.021,19.452,0.023,19.374,0.053,0.033,51.800
220.9610,21.6972,144355.84+214007.24,12,20.320,0.049,19.526,0.025,19.386,0.021,19.277,0.021,19.318,0.064,0.027,2.700
122.8245,54.1237,081117.60+540815.34,13,20.070,0.040,19.550,0.020,19.380,0.020,19.470,0.030,19.400,0.060,0.042,3.690
119.9795,55.2432,080000.38+551554.46,11,21.168,0.099,20.171,0.022,20.129,0.027,20.149,0.037,19.895,0.104,0.044,8.000
333.3403,29.3749,221319.16+292538.96,26,18.983,0.028,18.423,0.012,18.184,0.012,18.147,0.015,18.111,0.029,0.071,148.100
193.3904,26.9659,125331.46+265806.64,23,19.819,0.032,19.327,0.025,19.193,0.016,19.198,0.030,19.224,0.050,0.009,19.700
209.4253,28.0103,135734.71+280111.35,43,16.623,0.024,16.861,0.018,17.332,0.018,17.655,0.011,17.947,0.033,0.015,39.100
241.4476,41.3899,160548.42+412252.19,12,20.496,0.055,19.486,0.020,19.378,0.021,19.329,0.021,19.258,0.060,0.010,2.800
2.5709,16.9556,001010.68+165748.77,14,20.347,0.056,19.755,0.022,19.797,0.020,19.890,0.028,19.803,0.082,0.049,6.000
2.2722,18.8397,000908.05+185006.39,12,20.621,0.080,19.960,0.028,19.831,0.035,19.800,0.036,19.798,0.096,0.047,26.900
2.7480,13.8115,001059.63+134809.13,24,19.032,0.026,18.784,0.015,18.986,0.016,19.236,0.020,19.445,0.064,0.063,23.400
2.2311,13.0688,000849.25+130329.32,11,20.940,0.091,19.712,0.024,19.534,0.022,19.569,0.027,19.543,0.065,0.087,35.000
1.8473,14.5218,000726.59+142903.04,41,17.740,0.017,17.446,0.020,17.724,0.014,17.986,0.016,18.237,0.038,0.094,84.100
3.6793,15.0405,001449.40+150340.35,11,20.201,0.043,19.663,0.018,19.460,0.016,19.387,0.026,19.363,0.063,0.046,77.700
353.3239,21.6366,233316.38+213744.65,11,20.478,0.073,19.759,0.030,19.632,0.022,19.590,0.027,19.723,0.101,0.071,5.500
337.2288,22.3647,222851.16+222148.63,19,18.871,0.021,18.986,0.015,19.378,0.018,19.707,0.027,20.135,0.103,0.038,20.400
338.1170,21.9768,223216.92+215951.28,14,19.173,0.023,19.354,0.017,19.785,0.017,20.062,0.027,20.304,0.117,0.044,21.100
346.8592,21.8974,230732.61+215302.68,11,20.994,0.094,20.176,0.023,19.848,0.022,19.686,0.028,19.568,0.079,0.196,4.300
348.0511,20.6761,231207.75+203849.58,17,19.896,0.044,19.853,0.019,20.091,0.025,20.359,0.041,20.607,0.190,0.176,18.700
358.6250,18.6360,235429.13+183924.53,12,20.538,0.066,20.023,0.024,19.855,0.025,19.856,0.032,20.052,0.121,0.048,32.000
350.3300,17.8446,232127.95+174835.94,22,18.901,0.023,18.719,0.019,19.016,0.014,19.223,0.022,19.401,0.062,0.037,12.300
351.2789,15.8394,232512.08+154751.27,32,17.947,0.023,17.977,0.014,18.370,0.014,18.652,0.018,18.984,0.046,0.032,5.600
351.3039,16.2967,232512.37+161829.14,20,19.402,0.029,18.982,0.018,19.243,0.019,19.476,0.026,19.800,0.090,0.035,51.300
350.6385,15.4180,232230.96+152258.95,25,18.739,0.021,18.596,0.015,18.910,0.014,19.163,0.019,19.505,0.058,0.050,23.500
349.6669,16.7367,231845.88+164612.76,13,19.301,0.030,19.234,0.024,19.507,0.021,19.771,0.033,20.082,0.117,0.040,4.700
353.8003,14.7692,233507.15+144347.00,14,19.508,0.031,19.500,0.018,19.917,0.020,20.145,0.034,20.741,0.218,0.089,27.200
352.8262,16.8697,233109.19+165251.98,12,20.742,0.074,20.200,0.029,20.131,0.033,20.339,0.079,20.274,0.122,0.043,16.800
355.7444,15.8753,234454.63+144257.39,14,19.026,0.024,19.189,0.022,19.552,0.019,19.887,0.027,20.199,0.125,0.040,23.480
354.8315,15.7385,233917.48+154311.72,12,21.732,0.137,21.040,0.036,21.235,0.049,21.451,0.084,21.318,0.236,0.038,0.000
355.3758,16.3809,234126.45+162335.70,14,21.605,0.146,21.095,0.042,21.101,0.050,21.267,0.092,21.226,0.334,0.036,0.000
355.9867,16.0726,234355.38+160534.93,11,22.065,0.193,21.296,0.054,21.442,0.066,21.381,0.086,21.357,0.269,0.048,0.000
359.6756,15.5967,235851.32+153540.08,38,17.342,0.014,17.069,0.015,17.346,0.013,17.585,0.018,17.823,0.025,0.049,77.100
358.2949,15.5938,235315.25+153640.40,24,18.513,0.023,18.197,0.014,18.453,0.016,18.687,0.020,18.853,0.051,0.035,52.400
345.4685,14.6273,230155.17+143601.31,63,16.284,0.017,15.915,0.014,16.123,0.013,16.327,0.019,16.571,0.017,0.103,41.900
345.7021,15.1255,230243.23+150822.24,12,20.564,0.062,19.954,0.023,19.960,0.025,19.908,0.042,19.695,0.093,0.084,36.600
348.1769,14.8120,231246.90+145105.31,18,19.399,0.027,19.095,0.015,19.272,0.018,19.364,0.021,19.509,0.063,0.069,39.600
352.7459,14.4127,233050.01+142652.95,34,17.426,0.022,17.669,0.019,18.069,0.026,18.397,0.075,18.657,0.069,0.048,34.100
351.3124,13.5052,232520.14+132823.31,18,19.399,0.028,19.145,0.020,19.412,0.026,19.616,0.026,19.896,0.073,0.055,6.300
351.6676,15.2434,232642.11+151249.66,21,19.171,0.026,18.830,0.018,19.094,0.021,19.354,0.026,19.564,0.053,0.054,33.700
352.1650,14.5875,232833.29+143423.22,17,19.579,0.030,19.272,0.017,19.464,0.019,19.727,0.026,20.054,0.109,0.065,42.700
352.9953,14.7460,233157.66+144345.75,22,18.423,0.022,18.239,0.011,18.544,0.014,18.762,0.016,19.000,0.053,0.054,31.400
353.8162,13.3510,233751.36+133547.81,47,15.925,0.015,16.295,0.021,16.714,0.017,17.026,0.020,17.303,0.020,0.083,39.510
357.4140,13.5997,234943.43+133813.71,40,17.330,0.022,17.058,0.016,17.311,0.018,17.503,0.019,17.750,0.023,0.040,26.700
351.9963,12.0491,232758.96+120544.36,19,19.147,0.029,19.081,0.025,19.344,0.018,19.623,0.030,19.805,0.095,0.063,5.800
353.7839,14.1051,233501.22+140705.61,30,17.986,0.020,18.027,0.019,18.324,0.014,18.607,0.020,18.830,0.039,0.086,30.200
355.5486,12.7788,234208.24+124816.49,33,18.506,0.023,18.191,0.033,18.396,0.022,18.617,0.017,18.904,0.047,0.052,22.600
358.7599,6.5084,235452.51+063204.90,44,17.558,0.023,17.242,0.018,17.431,0.013,17.647,0.020,17.877,0.024,0.067,25.300
357.9187,7.1426,235137.53+070810.11,18,19.586,0.030,19.400,0.023,19.573,0.017,19.799,0.032,20.011,0.070,0.099,34.300
357.3680,7.3484,234919.73+072310.62,14,20.216,0.050,19.797,0.022,19.919,0.025,20.053,0.033,20.291,0.139,0.153,44.500
358.3205,7.9487,235319.28+075526.47,17,19.597,0.032,19.400,0.032,19.661,0.018,19.875,0.024,20.125,0.074,0.063,20.400
345.9658,10.2756,230347.66+101749.97,16,19.928,0.043,19.388,0.017,19.325,0.017,19.323,0.025,19.410,0.053,0.056,23.100
349.4347,11.2464,231741.59+111421.43,13,19.725,0.060,19.188,0.026,19.085,0.018,19.045,0.023,19.079,0.072,0.044,71.440
351.8385,11.2936,232723.11+111704.33,22,19.086,0.024,18.939,0.024,19.194,0.031,19.482,0.025,19.720,0.092,0.059,13.800
353.7429,11.2215,233450.40+111445.34,14,19.820,0.037,19.523,0.021,19.717,0.019,19.969,0.029,20.074,0.104,0.092,11.600
356.9378,8.0364,234746.26+080003.91,31,18.548,0.021,18.460,0.016,18.747,0.024,18.964,0.022,19.207,0.039,0.118,2.800
356.6224,8.4465,234635.06+082756.75,33,18.500,0.023,18.063,0.017,18.183,0.014,18.389,0.013,18.566,0.031,0.137,66.200
356.5226,6.9823,234611.52+065910.65,27,18.836,0.025,18.547,0.018,18.710,0.015,18.928,0.017,19.186,0.055,0.168,15.200
354.9145,6.2215,233933.43+061245.58,22,18.610,0.024,18.900,0.019,19.420,0.017,19.761,0.025,19.875,0.067,0.109,5.750
355.6930,7.5955,234246.09+073243.25,21,19.156,0.025,19.241,0.023,19.481,0.022,19.741,0.025,19.907,0.073,0.163,19.200
349.5944,8.1913,231827.19+081155.36,16,19.485,0.032,19.261,0.022,19.486,0.022,19.722,0.028,19.845,0.076,0.074,44.400
348.8785,9.9873,231531.74+100029.66,14,20.151,0.050,19.558,0.016,19.483,0.024,19.473,0.024,19.496,0.072,0.050,34.980
352.5115,10.1722,233005.10+100818.14,12,20.214,0.059,19.707,0.016,19.532,0.021,19.472,0.022,19.571,0.077,0.083,53.450
354.0665,9.4877,233624.89+092853.55,22,18.947,0.023,18.916,0.017,19.191,0.017,19.508,0.028,19.580,0.068,0.098,17.200
354.4587,9.8951,233743.59+095418.47,25,18.799,0.027,18.392,0.155,18.296,0.172,18.286,0.174,19.108,0.051,0.130,93.400
354.0795,7.0335,233626.08+070053.33,13,18.913,0.021,19.209,0.026,19.596,0.021,19.872,0.029,20.097,0.076,0.099,19.200
351.6837,6.5215,232641.16+063116.23,24,19.157,0.025,18.781,0.021,18.776,0.017,18.828,0.016,18.981,0.036,0.086,23.300
352.7713,7.5912,233059.59+073512.86,29,18.828,0.027,18.478,0.017,18.715,0.014,18.907,0.017,19.134,0.056,0.077,32.600
348.4051,6.5952,231340.86+063527.41,27,18.921,0.024,18.516,0.013,18.713,0.018,18.876,0.019,19.098,0.049,0.098,46.500
350.3398,7.1195,232122.18+070832.06,15,19.727,0.036,19.311,0.018,19.316,0.017,19.400,0.021,19.411,0.064,0.100,54.400
351.0370,8.0001,232409.52+080226.29,21,18.952,0.036,18.845,0.024,19.137,0.019,19.334,0.020,19.508,0.069,0.090,15.200
3.2092,20.3606,001249.25+202112.03,11,20.324,0.069,19.716,0.021,19.744,0.025,19.870,0.037,19.771,0.128,0.034,43.200
359.9149,14.8307,235938.68+144841.91,11,22.402,0.349,20.879,0.081,20.577,0.061,20.389,0.053,20.595,0.256,0.041,0.000
2.5709,16.9556,001010.56+165755.93,26,18.806,0.027,18.371,0.019,18.478,0.014,18.572,0.016,18.755,0.043,0.048,144.900
1.4644,16.8017,000558.76+164949.35,12,20.250,0.070,19.761,0.027,19.713,0.024,19.726,0.031,19.656,0.076,0.064,41.970
1.0468,15.5588,000416.58+153146.42,57,16.639,0.015,16.762,0.014,17.138,0.013,17.443,0.019,17.730,0.020,0.057,87.400
1.3795,15.4374,000522.63+152706.52,41,17.949,0.016,17.644,0.009,17.917,0.019,18.123,0.015,18.340,0.031,0.066,25.200
5.6956,13.7849,002251.43+135010.42,11,20.805,0.062,20.070,0.026,19.996,0.028,20.025,0.033,19.841,0.089,0.065,8.000
4.9190,13.8531,001942.21+135141.47,20,19.490,0.029,19.245,0.024,19.511,0.017,19.781,0.035,20.058,0.111,0.066,4.400
5.5403,15.4836,002203.59+152907.93,28,17.936,0.015,18.317,0.018,18.804,0.013,19.149,0.024,19.548,0.093,0.047,19.700
5.6443,15.2976,002227.80+151920.75,52,16.780,0.019,17.060,0.014,17.501,0.012,17.844,0.011,18.199,0.030,0.065,12.700
7.7228,11.9550,003053.23+115509.62,11,20.294,0.052,19.902,0.025,19.796,0.021,19.791,0.028,19.797,0.086,0.066,42.500
7.4284,14.7411,002945.75+144214.54,31,18.590,0.018,18.147,0.017,18.254,0.014,18.455,0.019,18.637,0.034,0.077,34.200
10.3465,17.2048,004123.93+171143.71,14,20.499,0.065,19.911,0.031,19.613,0.022,19.582,0.026,19.680,0.105,0.061,73.600
12.1655,17.9667,004838.15+175612.30,15,20.571,0.072,19.921,0.029,20.001,0.051,19.979,0.059,20.150,0.149,0.067,0.000
13.7816,13.7620,005504.94+134400.89,24,19.130,0.027,18.922,0.019,19.216,0.017,19.450,0.023,19.612,0.074,0.073,9.900
10.3099,29.9196,004111.73+295313.54,25,18.830,0.032,18.454,0.017,18.594,0.014,18.859,0.022,19.033,0.075,0.057,30.300
15.6377,28.3077,010229.29+281739.40,12,20.320,0.063,19.764,0.021,19.422,0.023,19.360,0.025,19.287,0.072,0.065,0.000
18.2125,28.6360,011258.49+283920.96,11,20.652,0.074,19.935,0.028,19.987,0.023,20.163,0.038,20.657,0.215,0.056,0.000
17.9854,27.4500,011206.93+272743.08,16,18.833,0.024,19.142,0.018,19.553,0.018,19.836,0.025,20.162,0.091,0.051,22.200
20.1951,27.9231,012037.37+275802.78,61,16.276,0.015,16.513,0.009,16.922,0.019,17.252,0.018,17.594,0.027,0.066,64.500
20.3828,28.5057,012129.87+282811.06,42,17.714,0.025,17.575,0.020,17.909,0.017,18.156,0.016,18.437,0.028,0.074,19.800
20.4560,27.7894,012152.22+274848.85,23,18.916,0.020,18.845,0.015,19.154,0.018,19.430,0.021,19.700,0.064,0.071,29.200
19.4882,28.9127,011747.84+285442.87,14,19.582,0.032,19.433,0.016,19.777,0.021,19.986,0.031,20.178,0.100,0.060,18.100
19.1213,29.7570,011626.00+294257.32,24,19.022,0.025,18.825,0.078,19.088,0.516,19.607,2.076,19.845,3.319,0.051,12.600
21.0211,29.4344,012405.16+292808.46,16,19.914,0.031,19.468,0.018,19.595,0.018,19.739,0.024,19.941,0.083,0.133,28.900
25.4689,30.2182,014147.98+301050.75,12,20.309,0.091,19.907,0.028,19.785,0.030,19.774,0.037,19.683,0.135,0.044,34.600
27.6926,30.1414,015037.12+300740.72,14,20.008,0.066,19.564,0.026,19.406,0.022,19.423,0.030,19.388,0.101,0.064,102.600
29.2489,28.7025,015647.87+284134.57,16,19.523,0.038,19.054,0.017,19.244,0.021,19.410,0.028,19.685,0.093,0.066,23.600
4.1293,26.0110,001632.44+255924.05,39,17.673,0.018,17.592,0.017,17.907,0.018,18.179,0.020,18.468,0.036,0.039,57.800
3.5791,26.0259,001419.81+255925.56,19,19.419,0.037,19.169,0.024,19.510,0.021,19.815,0.033,20.058,0.120,0.030,12.100
13.0964,25.6713,005231.66+254227.10,15,19.493,0.030,19.242,0.019,19.533,0.020,19.809,0.024,19.977,0.090,0.041,20.200
3.1664,24.5322,001240.79+243416.60,38,16.831,0.013,16.764,0.012,17.093,0.011,17.363,0.014,17.683,0.022,0.059,55.100
4.2957,25.1236,001712.70+250443.04,26,18.532,0.020,18.280,0.015,18.572,0.013,18.841,0.018,19.059,0.057,0.034,44.800
7.1052,26.0841,002830.37+260255.67,24,18.614,0.022,18.247,0.019,18.491,0.018,18.708,0.016,18.885,0.043,0.035,29.700
6.6258,25.6311,002625.50+253739.54,22,18.208,0.022,18.243,0.017,18.592,0.020,18.843,0.017,19.124,0.046,0.032,21.100
6.1859,25.5810,002437.14+253357.92,26,18.415,0.027,18.346,0.016,18.719,0.019,18.969,0.022,19.245,0.055,0.030,18.000
6.9097,24.1512,002746.77+241206.02,14,19.121,0.029,19.168,0.022,19.598,0.021,19.811,0.027,20.171,0.117,0.030,20.800
8.5126,26.4086,003409.18+262306.00,11,20.441,0.080,19.915,0.024,19.866,0.033,19.815,0.032,19.857,0.109,0.046,12.900
9.4049,27.7716,003727.05+274721.92,11,20.615,0.069,20.138,0.037,19.955,0.027,19.857,0.035,19.831,0.135,0.064,23.410
8.9028,24.0294,003533.74+240253.17,26,18.376,0.026,18.328,0.031,18.706,0.016,18.979,0.020,19.314,0.061,0.031,4.000
12.3022,25.5690,004918.69+253226.52,30,18.242,0.020,18.218,0.014,18.542,0.016,18.821,0.020,19.048,0.048,0.039,35.200
12.3022,25.5690,004913.84+253238.26,16,19.705,0.035,19.326,0.018,19.334,0.021,19.423,0.025,19.449,0.056,0.039,38.500
11.3059,26.3509,004515.42+261832.95,14,20.225,0.057,19.609,0.022,19.469,0.025,19.432,0.027,19.466,0.085,0.053,86.170
12.0881,22.6662,004818.01+223859.72,13,20.186,0.050,19.685,0.019,19.509,0.019,19.521,0.023,19.558,0.067,0.049,47.520
11.9768,24.1647,004755.37+241033.30,22,18.055,0.017,17.943,0.014,18.260,0.014,18.521,0.013,18.810,0.036,0.044,6.300
13.0938,25.1713,005225.08+251236.97,19,19.082,0.028,18.794,0.013,19.091,0.016,19.332,0.021,19.557,0.060,0.044,44.400
13.0052,24.7716,005155.00+244913.06,12,19.248,0.026,18.966,0.015,19.218,0.019,19.484,0.020,19.699,0.077,0.050,22.200
13.7039,25.0654,005456.13+250634.13,19,19.203,0.030,19.017,0.019,19.303,0.021,19.567,0.022,19.707,0.078,0.047,8.000
342.9183,23.8476,225335.67+244557.68,11,20.182,0.053,19.765,0.024,19.597,0.023,19.575,0.030,19.536,0.090,0.227,10.770
342.2192,24.3944,224856.19+242308.34,32,18.495,0.021,18.058,0.014,18.121,0.012,18.247,0.013,18.355,0.029,0.147,64.300
341.9312,23.5216,224751.50+233134.05,12,20.014,0.036,19.689,0.020,19.912,0.019,20.111,0.029,20.320,0.116,0.151,21.500
338.9776,22.7917,223558.83+224438.66,36,17.363,0.018,17.399,0.034,17.724,0.078,18.042,0.151,18.359,0.057,0.050,26.200
338.5109,23.1004,223400.48+230517.10,11,20.517,0.064,19.554,0.024,19.465,0.020,19.364,0.025,19.401,0.066,0.040,9.200
339.9328,23.0348,223239.16+230628.54,26,17.848,0.024,18.330,0.026,18.846,0.043,19.195,0.044,19.500,0.069,0.060,18.670
337.9275,23.7011,223151.63+234320.39,41,17.495,0.025,17.146,0.015,17.372,0.013,17.606,0.016,17.903,0.023,0.049,54.400
338.4765,23.4456,223405.82+232510.99,38,16.809,0.014,17.143,0.014,17.582,0.011,17.900,0.015,18.190,0.025,0.042,5.400
343.2678,28.0983,225304.01+280902.52,20,19.426,0.032,19.174,0.017,19.408,0.018,19.874,0.040,19.971,0.091,0.074,20.700
342.9847,28.5318,225158.75+283426.07,24,18.729,0.024,18.472,0.011,18.546,0.016,18.667,0.022,18.990,0.045,0.055,31.100
342.6048,27.8740,225020.59+274934.90,39,17.078,0.023,17.502,0.014,17.947,0.014,18.323,0.032,18.747,0.047,0.090,11.040
343.8172,25.8423,225513.18+254929.15,43,17.633,0.018,17.180,0.015,17.226,0.016,17.292,0.018,17.515,0.023,0.133,285.500
343.2314,27.2719,225251.21+271633.32,21,19.194,0.026,18.825,0.015,19.044,0.020,19.273,0.024,19.596,0.067,0.063,47.100
337.4681,27.2053,222949.78+271003.80,21,18.928,0.068,18.400,0.055,18.460,0.057,18.586,0.055,18.759,0.054,0.058,62.300
337.0782,22.2608,222811.41+221414.63,85,15.381,0.012,15.538,0.012,15.951,0.015,16.273,0.015,16.598,0.015,0.041,80.700
336.4713,23.5912,222552.95+233149.37,19,19.015,0.023,18.937,0.019,19.293,0.015,19.557,0.023,19.741,0.088,0.058,10.800
336.7024,23.7491,222652.46+234349.42,13,20.102,0.062,19.525,0.022,19.324,0.022,19.217,0.026,19.105,0.079,0.062,42.300
346.1913,26.4438,230449.68+262923.45,18,19.372,0.035,19.310,0.017,19.621,0.020,19.944,0.033,19.968,0.137,0.067,33.200
346.2431,26.3552,230449.49+262006.95,16,19.874,0.048,19.494,0.022,19.511,0.021,19.608,0.025,19.810,0.092,0.085,25.800
349.3158,26.3723,231715.38+262206.87,11,20.292,0.049,19.713,0.019,19.467,0.019,19.571,0.029,19.374,0.080,0.123,31.450
352.4604,24.2282,232953.09+241108.43,12,20.006,0.050,19.410,0.020,19.231,0.019,19.176,0.024,19.146,0.056,0.049,70.700
355.5323,24.4292,234214.89+242648.14,16,19.308,0.036,18.827,0.019,18.709,0.014,18.724,0.016,18.673,0.041,0.059,43.070
339.7344,21.9387,223906.48+215700.14,30,17.803,0.016,18.153,0.017,18.575,0.014,18.925,0.018,19.219,0.052,0.031,12.200
341.5420,24.2432,224610.37+241619.25,23,18.504,0.024,18.675,0.016,19.042,0.015,19.343,0.020,19.618,0.069,0.082,12.100
342.2219,23.0988,224845.44+230620.11,15,19.897,0.032,19.479,0.017,19.674,0.018,19.867,0.029,20.114,0.091,0.119,27.100
342.5310,22.8052,225008.69+224528.73,29,18.235,0.021,18.412,0.018,18.724,0.014,18.925,0.018,19.149,0.044,0.167,8.390
342.5885,22.7204,225019.68+224601.36,42,18.033,0.020,17.621,0.018,17.702,0.013,17.800,0.016,18.022,0.026,0.134,119.600
342.8292,23.3285,225121.97+231817.76,25,19.106,0.025,18.712,0.013,18.887,0.017,19.137,0.020,19.280,0.049,0.107,32.400
343.0094,23.5471,225154.58+233112.84,20,19.442,0.043,19.105,0.022,19.331,0.019,19.517,0.024,20.055,0.136,0.070,24.300
343.0661,23.4617,225219.29+232458.81,22,19.100,0.030,18.905,0.021,19.193,0.021,19.445,0.023,19.928,0.135,0.078,26.200
247.1851,53.8746,162857.60+535430.41,30,18.429,0.020,18.172,0.015,18.501,0.019,18.749,0.018,19.045,0.042,0.014,17.300
244.4446,53.3562,161756.73+532254.41,28,18.241,0.018,18.102,0.018,18.451,0.015,18.704,0.017,18.946,0.038,0.019,13.800
249.1276,52.4982,163644.78+523120.82,26,18.231,0.022,18.106,0.015,18.434,0.014,18.703,0.017,19.025,0.041,0.025,56.100
242.3476,53.3925,160926.34+532307.67,12,20.303,0.057,19.716,0.022,19.720,0.023,19.769,0.047,19.746,0.083,0.009,6.700
243.8787,53.8624,161528.68+535152.54,21,18.820,0.024,18.638,0.017,18.983,0.018,19.276,0.019,19.551,0.058,0.010,21.600
244.4446,53.3562,161731.18+532148.78,17,19.379,0.035,19.080,0.018,19.431,0.022,19.669,0.027,19.856,0.106,0.016,104.600
245.6549,51.3806,162228.41+512444.54,16,19.479,0.042,19.118,0.020,19.390,0.022,19.576,0.033,19.777,0.090,0.024,21.600
250.4626,49.7988,164145.84+494647.20,17,19.234,0.031,18.982,0.017,19.005,0.015,19.116,0.023,19.248,0.057,0.014,76.700
248.6873,50.1266,163452.56+500758.57,20,18.532,0.019,18.526,0.014,18.893,0.019,19.260,0.020,19.445,0.071,0.021,23.800
249.4187,51.2377,163748.92+511447.79,17,19.336,0.026,19.057,0.015,19.337,0.018,19.584,0.021,19.760,0.067,0.026,22.100
246.6848,48.4849,162652.13+482824.89,13,19.136,0.024,18.978,0.013,19.290,0.023,19.586,0.023,19.810,0.081,0.015,13.100
251.2119,46.7234,164451.48+464236.60,44,16.735,0.016,16.807,0.015,17.237,0.012,17.560,0.027,17.850,0.046,0.018,22.600
249.9544,47.7353,163936.15+474312.36,35,17.962,0.017,17.748,0.015,18.080,0.012,18.359,0.017,18.606,0.032,0.019,16.000
249.9145,48.1088,163939.51+480655.25,39,17.466,0.014,17.385,0.020,17.732,0.018,18.019,0.018,18.342,0.031,0.024,20.500
251.6783,48.5651,164642.67+483207.96,17,19.402,0.030,19.201,0.018,19.402,0.019,19.679,0.027,19.724,0.079,0.018,53.900
254.7004,46.0505,165843.38+460156.99,11,20.006,0.041,19.532,0.019,19.402,0.023,19.381,0.017,19.402,0.055,0.024,18.290
242.1582,49.7687,160817.94+494720.66,19,19.237,0.026,18.998,0.019,19.271,0.018,19.542,0.036,19.737,0.080,0.020,23.100
249.0210,46.7224,163559.97+464154.75,21,19.012,0.023,18.725,0.014,19.017,0.017,19.325,0.020,19.621,0.075,0.022,30.100
248.5031,46.0338,163347.00+460037.70,16,19.396,0.026,19.212,0.013,19.515,0.018,19.781,0.026,19.958,0.091,0.014,10.300
248.9840,47.0919,163540.12+470427.42,15,19.393,0.025,19.148,0.019,19.402,0.015,19.553,0.023,19.805,0.084,0.025,27.000
249.1957,47.8469,163656.45+474928.78,15,19.192,0.025,19.062,0.024,19.325,0.014,19.646,0.024,20.063,0.103,0.026,19.400
179.3527,29.3705,115719.37+292156.06,11,20.567,0.053,20.032,0.027,20.013,0.025,20.081,0.033,20.064,0.091,0.019,17.100
179.3125,25.7622,115714.98+254616.41,42,17.284,0.015,16.990,0.019,17.274,0.029,17.546,0.018,17.748,0.022,0.019,36.300
170.0305,27.0140,112003.84+265959.37,14,20.486,0.048,19.967,0.023,19.906,0.023,19.934,0.030,19.957,0.112,0.024,51.580
174.2523,28.1131,113709.59+280638.21,22,18.532,0.023,18.431,0.020,18.810,0.016,19.099,0.020,19.271,0.059,0.023,11.000
178.4611,27.2693,115337.70+271530.50,23,18.926,0.038,18.619,0.023,18.868,0.018,19.152,0.028,19.277,0.057,0.026,18.900
178.3414,27.4207,115313.90+272520.25,33,17.682,0.027,17.561,0.036,17.869,0.021,18.140,0.034,18.415,0.044,0.024,9.200
165.5328,26.1337,110208.02+260718.19,21,18.654,0.022,18.559,0.021,18.873,0.014,19.194,0.022,19.372,0.063,0.019,4.200
176.8822,24.1402,114723.20+240735.79,21,18.397,0.022,18.752,0.023,19.238,0.018,19.549,0.024,19.980,0.087,0.025,6.200
162.5029,23.1492,104958.06+230759.61,21,18.792,0.021,18.763,0.022,19.085,0.019,19.361,0.018,19.762,0.068,0.043,14.700
162.5978,25.0128,105024.32+250014.34,18,19.223,0.030,19.060,0.026,19.371,0.020,19.628,0.029,19.781,0.080,0.064,20.300
164.9007,23.8363,105942.67+234950.95,17,18.940,0.030,19.104,0.015,19.520,0.021,19.830,0.037,20.234,0.106,0.016,30.500
167.4587,23.5234,110953.55+233242.67,18,19.272,0.027,18.971,0.020,19.199,0.029,19.467,0.035,19.725,0.064,0.016,32.000
168.0920,24.1037,111209.67+240635.48,26,18.546,0.021,18.357,0.016,18.644,0.023,18.919,0.023,19.223,0.060,0.015,10.900
173.1940,22.5545,113251.95+223356.46,38,18.129,0.016,18.133,0.019,18.545,0.021,18.986,0.049,19.110,0.054,0.020,35.300
171.7186,21.9129,112701.76+215549.92,53,17.034,0.022,16.894,0.013,17.248,0.015,17.554,0.016,17.926,0.019,0.020,50.200
171.4172,23.1072,112543.23+230654.21,24,18.849,0.026,19.133,0.022,19.575,0.020,19.944,0.033,20.281,0.122,0.017,16.400
175.5873,22.0187,114221.90+220145.47,57,16.771,0.056,16.679,0.021,16.903,0.029,17.171,0.040,17.508,0.038,0.020,9.500
175.0722,23.3865,114012.81+232204.71,23,18.875,0.024,18.747,0.038,18.885,0.025,19.012,0.031,19.197,0.064,0.021,71.000
156.2216,23.1084,102449.53+230710.13,33,18.331,0.018,18.224,0.014,18.557,0.011,18.816,0.021,19.054,0.038,0.015,28.400
161.7364,21.9693,104647.72+215808.10,23,18.822,0.021,18.788,0.026,19.098,0.019,19.377,0.022,19.545,0.054,0.028,23.000
159.4830,22.3391,103756.67+221934.14,21,18.287,0.023,18.657,0.029,19.190,0.019,19.505,0.027,20.022,0.086,0.025,23.800
161.2843,22.7013,104516.80+224345.73,23,18.940,0.023,18.815,0.017,19.106,0.014,19.360,0.019,19.618,0.056,0.025,31.900
162.9564,23.5404,105147.85+233305.18,22,18.571,0.025,18.486,0.018,18.837,0.021,19.117,0.019,19.474,0.068,0.037,33.900
166.4809,21.3064,110558.26+211943.77,57,17.218,0.013,17.015,0.020,17.233,0.016,17.512,0.017,17.796,0.021,0.018,53.200
165.3119,20.7905,110122.10+204904.07,30,18.916,0.023,18.639,0.017,18.942,0.018,19.227,0.017,19.579,0.053,0.022,11.800
164.6196,22.8315,105838.42+224940.02,58,16.846,0.019,16.747,0.019,17.143,0.022,17.426,0.011,17.713,0.018,0.019,32.800
165.2970,22.8248,110120.27+225040.84,28,19.191,0.027,18.854,0.021,19.029,0.027,19.180,0.032,19.517,0.051,0.021,23.300
171.1011,20.1050,112418.45+200529.32,18,19.231,0.027,19.185,0.025,19.460,0.030,19.817,0.042,20.197,0.123,0.018,48.700
170.5778,21.0348,112209.93+210149.43,45,17.438,0.034,17.233,0.016,17.536,0.019,17.875,0.023,18.092,0.031,0.024,31.600
174.8456,21.3270,113919.17+211934.38,26,17.971,0.070,18.383,0.015,18.908,0.017,19.224,0.018,19.621,0.070,0.030,24.600
172.9919,20.7950,113151.32+204735.01,36,17.314,0.014,17.571,0.018,18.055,0.017,18.410,0.019,18.787,0.038,0.022,26.400
174.0506,21.5480,113611.51+213246.43,17,18.842,0.026,19.140,0.032,19.644,0.025,19.877,0.030,19.768,0.073,0.024,20.500
174.2373,21.3857,113659.55+212300.13,16,19.463,0.040,19.248,0.021,19.561,0.018,19.853,0.029,20.304,0.113,0.023,20.100
177.6505,19.3003,115045.04+191854.63,15,19.238,0.034,19.112,0.026,19.452,0.019,19.732,0.022,20.001,0.077,0.044,95.100
175.2602,19.8095,114107.30+194928.94,16,19.160,0.027,18.904,0.019,19.201,0.014,19.460,0.023,19.785,0.081,0.018,48.700
175.4102,20.8794,114135.34+205223.87,40,16.898,0.038,16.901,0.022,17.281,0.021,17.625,0.022,17.865,0.030,0.021,60.500
176.0561,31.1499,114413.20+310853.75,12,20.092,0.049,19.562,0.020,19.402,0.019,19.407,0.021,19.423,0.067,0.032,21.690
168.5200,27.4300,111355.83+272614.66,39,17.638,0.018,17.499,0.018,17.878,0.050,18.157,0.207,18.533,0.527,0.017,22.200
167.6698,26.9423,111048.84+265544.74,23,18.137,0.020,18.553,0.021,19.118,0.015,19.491,0.022,19.777,0.078,0.024,12.310
169.3716,32.9592,111732.68+325802.14,44,16.500,0.022,16.350,0.018,16.696,0.015,16.980,0.019,17.274,0.019,0.031,42.600
159.8337,24.7970,103917.50+244742.42,13,18.192,0.027,18.015,0.018,18.316,0.016,18.590,0.019,18.815,0.037,0.025,19.700
159.4607,24.4697,103759.10+242812.26,25,18.471,0.022,18.472,0.039,18.863,0.017,19.195,0.022,19.400,0.069,0.022,13.500
159.4051,26.3402,103724.01+262043.87,20,19.103,0.035,18.880,0.025,19.221,0.018,19.415,0.024,19.653,0.086,0.022,21.000
160.1770,26.4497,104042.21+262748.33,44,16.807,0.018,16.634,0.021,16.951,0.019,17.212,0.015,17.482,0.021,0.033,62.900
168.1048,30.3852,111213.30+302327.16,25,18.629,0.045,18.526,0.028,18.910,0.014,19.159,0.022,19.586,0.076,0.022,9.300
166.4796,32.0610,110552.32+320422.84,13,19.266,0.030,19.250,0.022,19.623,0.034,19.923,0.036,20.160,0.134,0.028,11.400
163.7827,33.4657,105516.64+332855.91,42,17.620,0.018,17.340,0.010,17.735,0.017,17.909,0.042,19.547,0.072,0.018,13.000
162.4353,29.8791,104935.94+295308.32,38,17.317,0.013,17.082,0.021,17.398,0.019,17.677,0.016,17.956,0.032,0.023,95.400
165.2723,27.1468,110107.84+270830.05,30,17.511,0.016,17.388,0.020,17.755,0.027,18.068,0.024,18.373,0.035,0.020,20.100
164.0625,29.4382,105605.40+292720.42,16,19.251,0.034,19.053,0.025,19.404,0.024,19.631,0.029,19.812,0.083,0.019,10.200
160.3405,32.2993,104116.40+321811.70,28,18.419,0.019,18.110,0.013,18.368,0.014,18.648,0.020,18.960,0.037,0.019,43.800
155.0652,31.0786,102016.10+310317.69,19,19.247,0.031,19.117,0.020,19.369,0.020,19.647,0.022,19.937,0.092,0.025,25.800
158.6441,26.1766,103443.48+261225.30,20,18.894,0.028,18.817,0.022,19.127,0.017,19.443,0.025,19.600,0.081,0.022,22.700
159.3336,28.3801,103710.51+282158.82,31,17.479,0.025,17.570,0.016,18.007,0.016,18.322,0.020,18.618,0.042,0.020,26.800
154.0518,23.2269,101609.20+231312.58,22,18.489,0.038,18.539,0.019,18.964,0.021,19.270,0.020,19.431,0.048,0.027,20.900
149.5807,22.7433,095820.46+224310.56,55,16.606,0.015,16.484,0.016,16.813,0.016,17.114,0.023,17.370,0.020,0.035,14.100
154.5295,28.3822,101757.84+282421.61,14,19.426,0.027,19.080,0.015,19.385,0.044,19.642,0.023,19.803,0.139,0.040,68.900
154.8628,27.0214,101933.37+270258.45,24,18.395,0.016,18.218,0.019,18.527,0.017,18.783,0.020,19.040,0.058,0.028,4.200
154.9072,28.1454,101924.90+280748.00,33,17.192,0.017,17.396,0.023,17.829,0.026,18.173,0.019,18.459,0.050,0.032,26.700
156.6994,24.7207,102639.10+244126.52,39,17.681,0.028,17.431,0.020,17.759,0.013,18.020,0.016,18.311,0.028,0.017,55.500
151.8654,27.2233,100734.35+271410.75,20,18.217,0.022,18.568,0.030,19.069,0.014,19.377,0.021,19.710,0.069,0.029,6.200
153.3446,27.8996,101324.49+275513.18,23,18.161,0.029,18.465,0.022,18.933,0.021,19.301,0.023,19.762,0.088,0.058,7.030
186.3665,30.6791,122532.80+304011.79,13,20.264,0.046,19.562,0.021,19.547,0.024,19.584,0.026,19.617,0.077,0.018,21.800
180.2779,29.3611,120116.75+292150.45,19,18.684,0.023,18.572,0.033,18.877,0.024,19.204,0.026,19.444,0.055,0.021,27.000
182.0963,29.1496,120834.83+290850.29,21,19.015,0.030,18.739,0.018,19.049,0.015,19.259,0.024,19.574,0.072,0.020,29.200
182.3009,29.0025,120916.18+290027.83,14,19.105,0.030,19.176,0.024,19.573,0.031,19.882,0.034,20.374,0.130,0.022,24.500
183.2616,29.9940,121302.74+295950.96,12,19.505,0.027,19.168,0.018,19.526,0.024,19.712,0.039,20.139,0.139,0.019,38.200
184.7034,30.2408,121846.27+301437.27,32,17.798,0.016,17.651,0.018,17.912,0.013,18.162,0.011,18.426,0.037,0.021,28.200
185.7169,31.6690,122302.35+313842.03,38,17.047,0.018,17.303,0.022,17.794,0.010,18.152,0.021,18.470,0.033,0.021,32.200
187.7687,33.2043,123032.23+321900.62,11,20.461,0.057,19.986,0.022,19.830,0.022,19.871,0.026,19.972,0.100,0.021,19.620
193.5664,27.6241,125422.10+273834.13,41,17.665,0.015,17.800,0.022,18.210,0.015,18.516,0.022,18.863,0.040,0.013,20.000
190.6619,32.2869,124234.70+321933.84,31,17.930,0.016,17.723,0.025,18.042,0.013,18.268,0.030,18.635,0.032,0.015,45.500
196.5556,30.1010,130609.72+300536.49,17,19.186,0.032,19.048,0.016,19.359,0.018,19.650,0.027,19.792,0.090,0.011,8.500
201.9616,29.2694,132759.80+291623.81,19,19.402,0.027,19.174,0.017,19.505,0.020,19.701,0.025,20.024,0.140,0.010,4.200
201.8978,29.0520,132723.02+290256.17,11,20.754,0.074,20.261,0.025,20.083,0.025,20.025,0.036,20.029,0.131,0.012,42.900
200.1858,30.6164,132033.41+303522.71,31,18.227,0.035,18.175,0.023,18.581,0.017,18.883,0.019,19.143,0.044,0.013,22.200
199.8738,29.7493,131925.15+294446.64,21,19.102,0.028,19.141,0.021,19.527,0.022,19.858,0.032,20.215,0.144,0.012,14.500
200.8890,29.6557,132324.13+293834.28,36,18.279,0.026,18.052,0.018,18.338,0.021,18.625,0.018,18.880,0.045,0.013,69.400
200.8468,29.7673,132329.25+294622.57,37,17.892,0.020,17.841,0.023,18.179,0.012,18.437,0.017,18.772,0.030,0.012,10.700
201.9921,30.5582,132747.10+303303.01,27,18.590,0.023,18.509,0.013,18.863,0.021,19.153,0.024,19.397,0.073,0.014,23.500
205.1393,30.2121,134026.45+301210.87,40,16.906,0.015,17.019,0.026,17.459,0.014,17.779,0.012,18.110,0.027,0.015,7.600
208.7788,31.3396,135512.35+312015.92,38,17.726,0.019,17.542,0.012,17.837,0.020,18.123,0.018,18.390,0.029,0.014,26.000
209.9247,31.0411,135942.49+310255.52,37,17.529,0.030,17.477,0.024,17.854,0.015,18.171,0.021,18.432,0.036,0.015,10.100
212.2900,30.1867,140859.69+301048.26,29,18.399,0.019,18.120,0.024,18.329,0.019,18.499,0.024,18.751,0.035,0.016,40.400
212.4262,29.9875,140930.88+295830.76,22,18.894,0.026,18.756,0.023,19.080,0.017,19.395,0.024,19.590,0.071,0.014,28.200
358.8463,30.9508,235526.84+305558.66,34,18.054,0.022,17.680,0.015,17.927,0.015,18.166,0.016,18.447,0.034,0.065,50.600
355.6479,29.1037,234224.12+290605.11,30,18.879,0.031,18.414,0.020,18.612,0.022,18.735,0.025,18.905,0.036,0.159,41.100
353.0701,30.5519,233211.08+303059.95,22,19.297,0.033,18.993,0.017,19.179,0.017,19.359,0.021,19.536,0.062,0.159,47.000
344.2311,30.0564,225707.57+300322.25,20,19.431,0.030,19.117,0.022,19.182,0.020,19.313,0.018,19.448,0.056,0.050,19.100
343.5427,31.3283,225400.69+312130.47,22,19.164,0.027,18.934,0.017,19.110,0.013,19.300,0.022,19.530,0.053,0.056,23.300
340.5470,29.8235,224154.98+295001.95,13,24.634,1.544,20.095,0.045,19.825,0.032,19.594,0.030,19.951,1.075,0.068,6.000
359.1049,23.6637,235636.10+233858.46,27,18.272,0.028,18.463,0.018,18.874,0.017,19.173,0.022,19.562,0.079,0.107,10.300
359.0174,23.9529,235613.86+235725.10,12,20.252,0.040,19.638,0.024,19.388,0.021,19.272,0.023,19.273,0.048,0.095,64.900
358.4915,23.6086,235359.87+233600.64,19,18.843,0.034,18.946,0.022,19.331,0.017,19.641,0.028,19.773,0.128,0.096,4.800
358.7902,24.1025,235516.61+240329.84,14,20.128,0.058,19.710,0.025,19.882,0.025,20.045,0.035,20.212,0.145,0.127,25.200
0.7943,25.4004,000259.59+252608.14,20,19.031,0.025,18.840,0.015,19.122,0.020,19.361,0.024,19.660,0.138,0.039,23.800
355.4859,27.3722,234200.57+272007.86,16,20.142,0.075,19.366,0.025,19.310,0.026,19.358,0.032,19.615,0.118,0.087,62.700
358.7438,26.0630,235452.29+260513.45,25,18.082,0.021,18.404,0.017,18.835,0.016,19.192,0.027,19.473,0.062,0.040,15.400
357.4258,27.1822,235253.01+253101.77,17,19.395,0.027,19.030,0.015,18.916,0.016,18.937,0.023,19.042,0.042,0.080,40.610
358.0432,25.8852,235214.27+255015.70,16,19.528,0.035,19.302,0.019,19.542,0.018,19.789,0.028,19.892,0.103,0.049,28.000
358.8911,26.5137,235529.18+263118.81,13,19.996,0.047,19.492,0.023,19.732,0.024,19.647,0.027,19.427,0.072,0.040,32.200
359.0974,26.4598,235615.98+262915.94,11,20.453,0.062,19.699,0.024,19.477,0.022,19.495,0.035,19.274,0.064,0.039,2.400
357.3467,24.8625,234924.57+244916.95,20,19.450,0.041,19.077,0.015,19.273,0.022,19.456,0.025,19.541,0.088,0.060,40.800
358.0489,25.5743,235210.04+253409.81,39,17.534,0.017,17.341,0.016,17.625,0.017,17.865,0.016,18.064,0.027,0.061,10.800
8.9556,34.7616,003557.27+344251.70,13,20.272,0.066,19.779,0.021,19.906,0.030,20.361,0.063,20.138,0.125,0.086,54.700
345.9363,26.3234,230348.48+261859.75,21,18.732,0.019,19.016,0.017,19.441,0.017,19.705,0.022,20.023,0.081,0.081,28.200
345.2467,25.3062,230052.67+252040.28,15,19.444,0.032,19.601,0.018,19.903,0.022,20.203,0.037,20.380,0.168,0.158,5.800
343.2588,27.0549,225247.41+270433.79,33,18.284,0.021,18.117,0.018,18.404,0.015,18.674,0.018,18.978,0.038,0.065,43.100
343.7984,23.1664,225513.66+230944.15,36,17.674,0.029,17.771,0.024,18.204,0.019,18.508,0.018,18.797,0.037,0.053,68.100
346.1948,23.7263,230443.74+234603.49,23,19.348,0.026,19.108,0.017,19.349,0.019,19.591,0.026,19.896,0.089,0.144,18.800
346.0582,23.4305,230410.96+232236.13,18,19.189,0.027,19.429,0.017,19.781,0.021,20.131,0.032,20.429,0.144,0.136,5.700
345.6062,23.3159,230228.08+231747.91,21,18.895,0.234,19.441,0.703,20.564,0.222,24.362,0.058,20.112,0.130,0.165,60.500
347.3603,24.9619,230932.01+245754.96,20,19.468,0.031,19.194,0.020,19.432,0.019,19.633,0.025,19.874,0.071,0.138,25.500
18.8411,32.1990,011522.05+321314.88,20,19.545,0.030,19.198,0.017,19.138,0.017,19.185,0.025,19.415,0.056,0.064,26.500
21.5455,32.9066,012617.35+325547.01,13,19.040,0.024,19.099,0.017,19.455,0.019,19.740,0.029,20.007,0.095,0.053,6.100
20.8267,32.9968,012318.14+330014.34,31,18.274,0.020,18.014,0.029,18.321,0.024,18.583,0.034,18.806,0.048,0.056,29.400
19.7956,33.8177,011920.91+334949.77,26,18.186,0.018,18.068,0.021,18.335,0.015,18.653,0.020,18.813,0.041,0.059,45.800
21.5343,33.4141,012601.53+332523.49,33,17.596,0.020,17.692,0.019,18.083,0.020,18.339,0.020,18.625,0.055,0.060,12.700
19.4459,34.3560,011734.69+341954.63,37,18.458,0.023,18.088,0.023,18.309,0.011,18.535,0.026,18.868,0.046,0.041,23.800
17.4352,34.6200,010941.46+343509.46,30,18.743,0.026,18.207,0.017,18.024,0.020,18.006,0.017,18.009,0.032,0.074,134.200
17.8508,35.4946,011117.77+352833.75,12,20.375,0.066,19.889,0.023,19.740,0.025,19.713,0.032,19.859,0.122,0.048,72.800
27.7104,31.1741,015103.87+311218.32,14,19.969,0.053,19.456,0.026,19.313,0.073,19.349,0.224,19.450,0.714,0.067,0.000
31.5761,32.8902,020616.41+325214.33,11,20.513,0.082,19.935,0.036,19.977,0.043,19.952,0.062,20.698,0.406,0.077,42.300
33.8070,30.3869,021510.57+302638.70,25,18.810,0.037,18.328,0.017,18.422,0.018,18.496,0.022,18.609,0.054,0.097,113.100
188.9762,44.3477,123552.07+442012.09,11,20.295,0.051,19.767,0.029,19.627,0.021,19.559,0.025,19.691,0.072,0.013,26.500
194.5604,44.5750,125812.43+443138.21,17,19.505,0.030,19.218,0.015,19.334,0.029,19.467,0.023,19.799,0.091,0.019,33.200
197.9648,42.8916,131154.92+425451.70,24,18.283,0.023,18.209,0.025,18.555,0.023,18.859,0.022,19.103,0.047,0.014,15.700
196.5619,43.7618,130615.83+434625.06,13,20.489,0.046,19.608,0.024,19.475,0.021,19.490,0.019,19.429,0.046,0.018,11.300
199.8418,42.9423,131926.96+425923.09,27,18.073,0.031,18.209,0.022,18.654,0.069,19.075,0.317,19.262,0.615,0.018,32.700
196.4263,46.3218,130548.66+462135.55,26,17.858,0.015,18.001,0.024,18.394,0.012,18.743,0.017,18.896,0.042,0.012,13.600
199.3607,45.4080,132427.83+462803.52,13,19.984,0.040,19.540,0.023,19.529,0.026,19.527,0.026,19.461,0.072,0.034,26.200
204.6834,44.1506,133847.78+440850.58,18,19.071,0.024,18.880,0.020,19.199,0.015,19.461,0.022,19.639,0.058,0.019,8.600
204.9498,44.5038,133951.75+443001.76,19,18.733,0.025,18.743,0.021,19.130,0.018,19.477,0.026,19.809,0.108,0.018,7.600
203.7839,43.4969,133507.26+432923.97,29,18.082,0.026,17.916,0.019,18.251,0.015,18.476,0.014,18.757,0.038,0.012,67.600
204.3918,44.6381,133740.30+443939.04,13,19.320,0.055,19.216,0.033,19.537,0.035,19.807,0.035,19.964,0.095,0.018,20.400
205.0474,45.0546,134019.20+450421.71,12,19.067,0.035,19.197,0.020,19.621,0.018,19.934,0.027,20.230,0.097,0.019,17.600
204.8361,44.3180,133919.76+441906.55,15,19.324,0.026,19.179,0.019,19.497,0.022,19.793,0.026,20.163,0.088,0.020,8.000
207.7266,44.5379,135045.21+443029.73,20,18.633,0.018,18.629,0.034,18.980,0.022,19.309,0.028,19.475,0.075,0.014,48.900
184.2717,39.0400,121708.52+390022.95,30,17.774,0.034,17.899,0.018,18.291,0.023,18.548,0.076,19.203,0.385,0.020,28.100
192.3578,46.1241,124923.20+460728.99,14,19.846,0.035,19.602,0.026,19.997,0.039,20.132,0.044,20.798,0.284,0.014,24.900
188.3791,46.2009,123326.65+461327.57,50,15.669,0.012,15.706,0.032,16.126,0.015,16.456,0.015,16.723,0.019,0.018,62.400
189.8666,45.1706,123925.55+450803.32,21,19.030,0.049,18.751,0.028,19.032,0.018,19.234,0.025,19.490,0.067,0.018,26.100
186.2307,43.8968,122452.26+435531.74,27,18.307,0.024,18.064,0.024,18.357,0.020,18.614,0.021,18.897,0.034,0.011,42.000
179.5889,43.9105,115829.32+435212.17,20,18.417,0.017,18.525,0.017,18.982,0.019,19.283,0.021,19.504,0.062,0.017,28.900
183.8100,45.5719,121511.67+453552.62,23,19.205,0.024,18.748,0.024,18.943,0.018,19.149,0.018,19.381,0.046,0.012,16.200
181.7870,45.4111,120719.78+452305.48,58,16.433,0.019,16.792,0.096,17.458,0.015,17.857,0.014,18.268,0.038,0.017,3.850
180.3214,46.4354,120119.65+462420.81,11,20.085,0.037,19.541,0.024,19.443,0.027,19.395,0.026,19.594,0.101,0.019,42.560
180.3838,46.5786,120132.69+463427.66,52,17.389,0.016,17.221,0.014,17.458,0.012,17.707,0.021,17.982,0.026,0.017,94.900
175.1724,45.5820,114033.35+453644.30,32,18.235,0.028,18.043,0.031,18.368,0.016,18.627,0.017,18.894,0.043,0.025,32.400
174.1083,45.2669,113632.32+451318.03,20,18.753,0.021,18.528,0.020,18.829,0.018,19.042,0.024,19.337,0.049,0.022,19.500
173.3234,44.0627,113324.36+440336.98,17,18.543,0.023,18.342,0.028,18.671,0.162,18.994,0.579,19.363,1.656,0.020,17.600
171.8102,43.6685,112721.93+434012.09,27,17.989,0.021,17.762,0.016,18.088,0.012,18.341,0.020,18.605,0.032,0.026,24.200
172.5616,45.1165,113027.71+450558.62,33,17.788,0.017,17.678,0.030,18.015,0.022,18.302,0.025,18.601,0.036,0.017,43.600
173.2826,46.1087,113254.32+460714.34,23,18.605,0.025,18.381,0.023,18.721,0.014,18.961,0.018,19.214,0.051,0.017,32.600
170.0306,44.4624,112002.74+442828.32,24,18.854,0.023,18.582,0.018,18.821,0.016,19.018,0.021,19.216,0.044,0.014,134.100
168.6064,45.2865,111433.14+451510.34,12,19.936,0.039,19.438,0.022,19.397,0.022,19.411,0.025,19.551,0.084,0.015,13.300
167.8492,45.2155,111117.06+451330.50,15,19.216,0.032,19.128,0.020,19.486,0.022,19.800,0.031,20.013,0.121,0.014,12.400
166.1263,45.1696,110427.85+451031.53,26,18.430,0.026,18.172,0.019,18.495,0.018,18.761,0.017,19.005,0.046,0.007,37.600
160.2257,47.7382,104046.14+474554.72,15,19.468,0.033,19.201,0.022,19.429,0.024,19.704,0.029,19.940,0.099,0.015,24.900
157.4647,49.2189,103002.54+491402.37,16,19.297,0.028,19.052,0.016,19.354,0.023,19.586,0.029,20.052,0.098,0.010,27.400
159.9276,47.1149,103944.75+470652.59,27,17.864,0.018,18.122,0.019,18.562,0.018,18.882,0.021,19.210,0.046,0.016,5.100
159.9008,47.3043,103931.54+471931.82,12,19.819,0.035,19.372,0.025,19.353,0.023,19.314,0.026,19.412,0.074,0.018,67.400
160.8113,46.7561,104322.39+464407.96,21,18.845,0.035,18.723,0.026,18.971,0.017,19.207,0.020,19.517,0.092,0.018,15.100
155.4547,48.4813,102157.11+482941.87,20,18.752,0.021,18.595,0.019,18.928,0.025,19.220,0.021,19.466,0.075,0.009,16.900
154.8251,48.7825,101907.08+484805.90,17,19.002,0.023,18.870,0.022,19.059,0.016,19.185,0.028,19.391,0.073,0.009,29.700
158.0996,48.0118,103233.61+475908.96,22,17.947,0.024,17.943,0.027,18.327,0.014,18.558,0.016,18.668,0.035,0.012,10.200
158.0578,46.9831,103215.70+470019.25,21,18.817,0.024,18.534,0.017,18.864,0.015,19.095,0.018,19.376,0.051,0.015,27.900
152.6465,50.6118,101038.13+503631.27,17,18.330,0.022,18.680,0.013,19.205,0.020,19.589,0.029,19.580,0.077,0.011,13.900
152.8777,48.5092,101145.38+483040.28,17,19.283,0.029,18.989,0.020,19.267,0.023,19.530,0.025,19.859,0.073,0.008,30.800
151.7188,49.0452,100651.72+490053.88,32,18.229,0.029,17.956,0.032,18.250,0.016,18.502,0.015,18.761,0.037,0.009,29.900
154.6701,46.5541,101850.40+463303.73,12,19.822,0.033,19.324,0.022,19.252,0.019,19.242,0.020,19.315,0.048,0.012,25.800
149.8556,47.0766,095938.97+470229.23,17,19.168,0.031,19.073,0.036,19.408,0.015,19.656,0.023,19.890,0.084,0.017,27.000
163.5643,46.2712,105425.20+461646.35,25,18.626,0.022,18.259,0.020,18.440,0.018,18.654,0.022,18.883,0.048,0.016,16.600
195.3486,47.1328,130120.61+470542.33,21,18.800,0.021,18.680,0.029,19.059,0.023,19.296,0.031,19.546,0.098,0.012,8.900
196.0544,49.1908,130410.51+491014.44,17,19.370,0.034,19.117,0.044,19.450,0.025,19.694,0.027,19.935,0.114,0.016,29.100
153.6195,50.0212,101423.12+500148.23,19,18.509,0.023,18.621,0.018,19.004,0.018,19.296,0.021,19.765,0.083,0.006,2.200
153.6401,50.8147,101424.27+504837.90,15,19.391,0.038,19.222,0.022,19.590,0.020,19.851,0.027,20.387,0.167,0.007,26.200
187.5765,48.8462,123025.96+484830.46,12,19.261,0.026,19.173,0.036,19.573,0.028,19.853,0.033,20.080,0.119,0.015,12.000
183.4945,49.0655,121357.62+490236.63,13,18.679,0.020,18.552,0.014,18.889,0.016,19.117,0.019,19.493,0.067,0.019,12.200
195.6451,52.1409,130235.27+520710.94,53,16.516,0.032,16.463,0.016,16.820,0.017,17.103,0.018,17.408,0.018,0.012,24.700
192.4023,52.0259,124933.75+520210.76,48,17.030,0.031,17.051,0.014,17.370,0.018,17.716,0.019,18.020,0.025,0.011,36.600
187.6803,51.2106,123051.03+511208.72,13,18.938,0.027,19.174,0.029,19.581,0.022,19.940,0.030,20.159,0.111,0.017,12.000
174.2010,47.9547,113643.40+475847.53,22,18.326,0.036,18.752,0.023,19.238,0.027,19.628,0.046,19.953,0.116,0.023,12.700
177.5297,48.1837,115012.29+480905.94,39,17.251,0.011,17.672,0.015,18.197,0.016,18.565,0.019,18.942,0.041,0.031,4.010
192.7199,55.3281,125051.78+552114.70,23,18.769,0.022,18.687,0.027,18.999,0.017,19.292,0.022,19.578,0.064,0.010,39.800
193.7116,55.2214,125450.41+551221.44,34,17.861,0.019,18.077,0.014,18.555,0.017,18.913,0.022,19.150,0.046,0.013,37.100
182.5984,53.1337,121016.49+530913.14,26,18.419,0.022,18.163,0.018,18.422,0.015,18.624,0.017,18.795,0.042,0.020,33.900
179.0704,50.8137,115616.02+505039.75,29,17.473,0.035,17.841,0.029,18.335,0.020,18.693,0.026,18.990,0.048,0.027,18.600
178.7773,51.0542,115510.11+510359.48,37,17.510,0.031,17.308,0.021,17.598,0.017,17.873,0.020,18.148,0.027,0.030,30.000
175.3540,49.4898,114123.33+493051.81,13,20.147,0.038,19.598,0.016,19.592,0.024,19.606,0.025,19.775,0.067,0.015,4.700
172.7847,48.9932,113124.52+485814.15,15,20.040,0.047,19.476,0.022,19.501,0.028,19.515,0.031,19.774,0.086,0.015,11.000
169.9368,48.2154,112005.02+480919.46,11,20.085,0.034,19.574,0.028,19.397,0.017,19.340,0.019,19.296,0.050,0.006,23.260
153.4618,52.4999,101347.21+523022.42,16,18.834,0.019,19.180,0.022,19.666,0.028,19.792,0.025,19.774,0.066,0.005,16.500
181.7562,53.7985,120649.15+535002.34,17,19.126,0.035,18.962,0.030,19.331,0.020,19.607,0.027,19.721,0.082,0.017,14.900
181.6749,55.8143,120654.55+554647.01,27,18.526,0.036,18.107,0.014,18.288,0.024,18.536,0.022,19.006,0.128,0.010,0.000
180.1621,53.5050,120047.11+532743.80,19,18.602,0.035,18.646,0.019,19.074,0.016,19.358,0.038,19.616,0.075,0.018,18.300
175.9626,51.2520,114343.49+511557.86,21,18.807,0.018,18.673,0.025,19.085,0.021,19.323,0.028,19.598,0.082,0.016,18.800
174.1230,51.0297,113634.33+510140.88,11,20.243,0.049,19.713,0.057,19.433,0.019,19.389,0.021,19.343,0.073,0.014,27.900
170.0561,48.8988,112013.68+485231.02,28,18.061,0.019,17.851,0.014,18.184,0.019,18.482,0.021,18.807,0.037,0.011,29.200
168.7288,49.8808,111441.18+495307.17,30,17.572,0.027,17.803,0.027,18.238,0.022,18.578,0.028,18.861,0.042,0.019,29.800
166.4963,47.3883,110603.15+472253.46,48,16.550,0.019,16.594,0.024,17.024,0.015,17.298,0.025,17.627,0.027,0.020,18.000
155.5500,54.2398,102156.67+541520.88,18,19.182,0.024,19.007,0.015,19.347,0.027,19.536,0.026,19.868,0.074,0.008,40.200
158.4889,55.4306,103411.28+552432.97,16,19.307,0.035,19.164,0.024,19.478,0.021,19.697,0.033,20.085,0.107,0.008,20.800
175.9828,55.5139,114345.32+553207.79,29,18.324,0.035,18.016,0.015,18.218,0.021,18.411,0.018,18.604,0.033,0.011,75.400
169.6700,53.9801,111859.80+535725.00,25,18.528,0.020,18.455,0.017,18.824,0.025,19.099,0.039,19.407,0.059,0.013,18.800
169.2039,51.7928,111655.59+514748.72,11,20.261,0.046,19.824,0.022,19.872,0.024,19.905,0.032,19.828,0.105,0.015,40.500
167.7436,50.3744,111058.53+502053.08,37,16.924,0.017,17.298,0.025,17.806,0.020,18.152,0.016,18.501,0.040,0.017,25.000
167.3002,50.3527,110906.67+502035.89,11,19.908,0.037,19.389,0.029,19.200,0.018,19.193,0.022,19.188,0.047,0.021,82.300
162.4319,50.2078,104956.66+501109.50,18,18.725,0.019,19.087,0.014,19.532,0.036,19.954,0.031,20.329,0.121,0.013,7.100
160.3401,50.1412,104109.60+500945.07,35,17.383,0.019,17.545,0.033,17.923,0.021,18.245,0.016,18.570,0.035,0.014,5.900
160.9896,51.7349,104350.84+514508.69,37,17.823,0.028,17.705,0.018,18.092,0.017,18.400,0.023,18.697,0.036,0.015,3.200
159.4369,53.7495,103739.63+534700.87,30,18.059,0.036,17.833,0.022,18.153,0.021,18.426,0.025,18.768,0.042,0.025,35.300
160.8806,55.2610,104309.59+551552.09,21,19.203,0.033,18.768,0.027,19.078,0.027,19.494,0.079,19.589,0.092,0.008,0.000
165.8641,53.8794,110336.24+535258.33,31,18.138,0.027,18.133,0.017,18.482,0.017,18.741,0.020,18.992,0.049,0.013,3.300
166.5467,51.6413,110606.72+514002.37,24,18.288,0.022,18.124,0.034,18.419,0.013,18.729,0.016,18.963,0.038,0.011,30.700
165.1438,52.1668,110045.14+521043.71,27,18.343,0.028,18.364,0.019,18.750,0.026,18.987,0.019,19.351,0.063,0.011,10.600
164.4500,53.2250,105731.96+531354.76,19,18.535,0.023,18.686,0.030,19.212,0.023,19.588,0.031,19.949,0.120,0.012,6.400
163.5503,55.0766,105424.09+550219.96,16,19.184,0.025,19.165,0.023,19.562,0.038,19.815,0.031,20.148,0.116,0.011,16.000
164.7900,54.6760,105858.68+544156.27,20,18.734,0.021,18.767,0.025,19.187,0.019,19.494,0.024,19.606,0.080,0.008,22.300
236.9270,54.1057,154726.64+540732.58,13,20.136,0.037,19.549,0.020,19.376,0.020,19.297,0.025,19.302,0.052,0.011,55.000
239.7370,54.8772,155904.24+545426.21,15,19.871,0.035,19.528,0.024,19.513,0.018,19.560,0.030,19.401,0.083,0.009,34.600
241.2345,54.5130,160503.86+543037.44,18,19.134,0.040,18.957,0.026,19.242,0.025,19.539,0.034,19.650,0.085,0.012,12.400
216.8732,55.0274,142724.37+545925.31,29,18.042,0.019,18.262,0.023,18.793,0.022,19.130,0.026,19.470,0.083,0.013,29.800
217.4603,55.3987,142956.58+552229.08,20,19.033,0.024,18.938,0.011,19.304,0.026,19.559,0.022,19.925,0.086,0.011,3.800
220.8723,55.5988,144319.34+553343.44,13,19.913,0.047,19.527,0.026,19.413,0.022,19.441,0.029,19.496,0.087,0.015,35.800
230.5974,54.4074,152212.48+542250.75,32,17.597,0.013,17.567,0.018,17.976,0.014,18.288,0.014,18.555,0.039,0.011,50.700
231.0297,54.9817,152408.24+550048.99,27,17.788,0.021,17.947,0.020,18.366,0.018,18.708,0.020,19.022,0.039,0.013,16.900
230.9560,54.2373,152335.24+541452.90,16,18.918,0.023,18.938,0.020,19.225,0.018,19.559,0.035,19.857,0.111,0.012,26.000
231.0023,54.3954,152356.57+542256.87,32,17.446,0.021,17.468,0.015,17.887,0.013,18.177,0.014,18.496,0.034,0.014,18.300
233.5639,53.1728,153404.93+530809.99,18,19.114,0.031,19.097,0.021,19.442,0.020,19.698,0.027,19.822,0.092,0.017,13.700
233.3749,54.1121,153317.19+540441.48,15,19.267,0.032,19.099,0.024,19.366,0.015,19.643,0.024,19.886,0.082,0.014,24.200
238.7313,52.0059,155459.82+520239.20,29,17.865,0.031,17.932,0.019,18.357,0.018,18.649,0.018,19.083,0.057,0.010,6.600
236.0646,51.5735,154415.27+513310.04,41,16.839,0.019,17.188,0.016,17.597,0.021,17.980,0.027,18.251,0.028,0.014,24.500
237.7352,53.4300,155105.40+532611.05,44,17.173,0.021,17.014,0.014,17.350,0.018,17.639,0.028,17.921,0.020,0.015,21.100
241.2305,50.5481,160515.39+503137.96,35,17.734,0.019,17.586,0.015,17.866,0.014,18.156,0.011,18.433,0.028,0.025,10.600
241.2502,50.9054,160415.04+504459.37,37,17.108,0.016,17.490,0.017,17.981,0.011,18.328,0.018,18.696,0.038,0.036,19.570
222.3486,53.0619,144943.70+530443.99,19,18.853,0.028,19.131,0.021,19.664,0.030,19.994,0.044,20.128,0.148,0.019,12.470
228.8431,51.1299,151523.08+510627.08,19,18.948,0.023,18.804,0.023,19.148,0.019,19.473,0.026,19.768,0.068,0.019,5.200
238.5379,50.0148,155408.06+500223.85,18,18.974,0.029,18.657,0.018,18.962,0.016,19.214,0.021,19.535,0.067,0.016,28.500
218.7655,51.1710,143504.38+510822.95,17,18.879,0.030,19.103,0.020,19.626,0.020,19.977,0.032,20.383,0.155,0.010,11.400
227.2813,50.0121,150900.90+500015.40,18,18.653,0.018,18.830,0.019,19.228,0.019,19.534,0.029,19.882,0.072,0.012,10.300
229.5386,49.3183,151828.83+491903.18,32,17.987,0.021,17.848,0.020,18.140,0.016,18.440,0.019,18.702,0.032,0.018,10.600
222.0173,47.2271,144801.75+471500.55,22,18.541,0.024,18.524,0.033,18.866,0.017,19.142,0.021,19.465,0.058,0.018,10.900
221.7080,49.0386,144642.76+490234.24,17,18.959,0.025,19.033,0.020,19.438,0.019,19.732,0.032,20.039,0.144,0.025,14.100
224.7839,47.9950,145911.37+475816.46,16,19.488,0.029,19.215,0.019,19.542,0.033,19.857,0.210,20.233,0.164,0.028,9.300
232.3895,46.6412,152930.42+463749.54,18,19.176,0.027,18.912,0.017,19.170,0.020,19.371,0.027,19.668,0.087,0.015,31.800
231.3168,47.5171,152518.86+473023.36,17,18.863,0.026,18.847,0.020,19.236,0.021,19.559,0.030,19.810,0.084,0.025,23.400
230.7283,46.8690,152244.18+465312.52,14,19.481,0.028,19.180,0.021,19.511,0.021,19.771,0.024,19.926,0.081,0.023,61.400
233.1715,47.2593,153226.81+471358.79,22,18.931,0.029,18.789,0.023,19.126,0.019,19.328,0.024,19.643,0.077,0.017,14.100
219.1292,46.9548,143616.49+465547.10,27,18.388,0.018,18.326,0.014,18.652,0.014,18.917,0.022,19.225,0.047,0.019,21.800
221.6156,46.7117,144620.16+464319.59,38,17.681,0.017,17.408,0.021,17.749,0.017,18.008,0.016,18.307,0.030,0.013,4.300
204.8925,51.3780,133932.44+512218.98,28,17.678,0.023,17.939,0.023,18.350,0.016,18.704,0.022,19.072,0.037,0.010,17.700
208.4340,51.7837,134853.49+505428.25,32,17.430,0.022,17.863,0.025,18.393,0.014,18.753,0.016,19.038,0.038,0.019,20.890
213.8480,51.4231,141517.07+512345.72,12,19.800,0.038,19.303,0.019,19.262,0.021,19.274,0.023,19.449,0.078,0.016,55.200
200.2532,47.8379,132059.56+475252.64,12,19.725,0.045,19.296,0.015,19.213,0.020,19.270,0.023,19.311,0.070,0.009,38.100
202.7577,48.9220,133105.49+485402.96,11,20.340,0.054,19.696,0.019,19.791,0.034,19.793,0.049,19.874,0.081,0.007,16.500
207.6089,49.2821,135028.37+491622.41,29,17.418,0.018,17.584,0.018,18.061,0.021,18.409,0.026,18.670,0.067,0.012,43.600
208.8599,49.5822,135530.99+493426.74,32,18.206,0.055,18.235,0.124,18.612,0.209,18.877,0.314,19.220,0.061,0.013,18.100
212.8633,48.9001,141139.90+485553.04,21,18.478,0.019,18.791,0.016,19.248,0.022,19.633,0.027,20.205,0.117,0.024,19.900
204.4572,46.0078,133739.67+455833.25,30,17.675,0.054,17.979,0.021,18.360,0.021,18.680,0.026,18.949,0.052,0.018,20.800
209.7740,47.6356,135913.82+474012.41,24,19.136,0.027,18.647,0.032,18.754,0.022,18.867,0.016,19.188,0.053,0.015,70.200
212.2781,47.8967,140903.69+475400.48,19,18.826,0.025,18.951,0.029,19.339,0.018,19.690,0.023,20.113,0.083,0.014,8.300
215.9439,47.4792,142400.19+472909.18,25,18.458,0.020,18.335,0.014,18.710,0.022,19.012,0.021,19.230,0.047,0.014,24.300
218.4976,47.8898,143350.40+475333.18,20,18.839,0.022,18.750,0.020,19.058,0.017,19.349,0.022,19.498,0.052,0.022,18.100
208.7932,53.0529,135507.66+530456.88,23,18.755,0.038,18.599,0.025,18.936,0.028,19.197,0.023,19.513,0.059,0.014,23.100
208.1739,53.2686,135248.84+531702.09,18,18.967,0.025,19.049,0.025,19.422,0.025,19.698,0.029,20.121,0.173,0.011,10.900
198.0381,51.7202,131208.13+514159.52,29,17.689,0.021,17.721,0.023,18.109,0.010,18.415,0.022,18.725,0.035,0.013,10.600
198.7375,52.9600,131454.53+525831.04,25,18.084,0.023,18.066,0.025,18.481,0.018,18.777,0.031,19.010,0.041,0.017,25.500
196.6432,53.8831,130635.53+535007.50,40,17.617,0.014,17.495,0.015,17.801,0.017,18.072,0.014,18.366,0.028,0.017,16.200
131.7835,44.4707,084652.93+442638.61,28,18.572,0.022,18.114,0.023,18.267,0.018,18.481,0.020,18.654,0.032,0.027,27.900
243.4359,57.4734,161342.70+572954.23,22,18.162,0.018,18.509,0.021,19.005,0.018,19.392,0.045,19.764,0.089,0.007,13.500
238.8228,57.5126,155456.02+573053.56,13,19.269,0.036,18.644,0.015,18.422,0.013,18.357,0.016,18.344,0.028,0.010,92.400
240.8500,58.0386,160336.09+580133.66,28,18.030,0.024,17.954,0.012,18.367,0.018,18.646,0.015,18.936,0.036,0.019,23.400
240.8500,58.0386,160316.12+580159.45,23,18.647,0.039,18.569,0.019,18.920,0.015,19.264,0.022,19.523,0.084,0.018,9.700
249.0752,56.0103,163609.00+560135.00,33,17.936,0.024,18.020,0.020,18.438,0.014,18.815,0.023,19.007,0.049,0.012,23.100
230.1916,56.9261,152101.48+565718.32,25,17.918,0.015,18.323,0.017,18.906,0.019,19.237,0.022,19.557,0.079,0.013,9.970
230.1001,57.7370,152009.31+574347.50,16,19.278,0.026,19.223,0.021,19.620,0.018,19.942,0.027,20.376,0.124,0.013,45.500
235.3127,56.1804,154113.97+560843.54,21,18.521,0.019,18.508,0.024,18.821,0.015,19.119,0.022,19.415,0.063,0.015,43.500
232.5235,57.5463,152957.97+573200.08,30,17.970,0.017,17.932,0.012,18.351,0.015,18.646,0.015,18.896,0.045,0.014,4.400
234.2514,58.7671,153716.29+584802.73,22,18.685,0.022,18.399,0.042,18.706,0.065,18.899,0.090,19.293,0.369,0.013,29.200
236.5945,56.0705,154621.91+560325.72,35,17.587,0.016,17.343,0.014,17.579,0.014,17.813,0.020,18.119,0.032,0.012,25.500
242.9899,54.6067,161205.78+543455.85,47,16.479,0.013,16.712,0.025,17.178,0.019,17.526,0.020,17.863,0.024,0.007,34.700
225.9293,56.4368,150327.58+562438.73,13,20.068,0.037,19.552,0.023,19.446,0.023,19.441,0.021,19.512,0.065,0.018,47.040
227.4445,56.8236,150949.52+565002.08,24,18.473,0.018,18.283,0.019,18.614,0.018,18.845,0.020,19.188,0.052,0.013,34.000
230.2851,56.2803,152112.89+561610.34,12,20.075,0.036,19.615,0.018,19.677,0.021,19.710,0.024,19.670,0.068,0.013,11.500
213.3359,54.3780,141317.78+542341.56,34,17.479,0.014,17.897,0.019,18.456,0.012,18.821,0.015,19.069,0.046,0.021,4.630
216.5168,56.3914,142606.79+562622.30,17,19.263,0.026,19.055,0.032,19.394,0.030,19.709,0.061,20.007,0.176,0.018,3.400
220.1411,58.9493,144026.22+585709.94,14,19.867,0.039,19.377,0.024,19.166,0.021,19.123,0.020,19.206,0.063,0.008,32.500
212.1734,59.1521,140837.80+591052.26,11,20.276,0.053,19.830,0.024,19.715,0.030,19.760,0.039,19.785,0.116,0.011,24.400
203.6473,59.0628,133432.88+590640.74,18,19.298,0.027,18.976,0.017,19.094,0.021,19.240,0.019,19.568,0.056,0.010,25.600
210.0866,62.4360,140020.94+622809.47,31,17.815,0.017,17.726,0.016,18.081,0.020,18.386,0.024,18.693,0.043,0.025,31.700
205.6925,60.5050,134244.34+603314.23,23,18.890,0.021,18.689,0.018,19.001,0.017,19.283,0.022,19.644,0.073,0.016,13.200
204.0238,60.3676,133608.11+602505.12,20,18.400,0.022,18.663,0.028,19.155,0.019,19.513,0.027,19.882,0.080,0.017,4.300
201.3188,62.5904,132517.40+623319.48,18,19.424,0.034,19.099,0.022,19.339,0.018,19.611,0.027,20.064,0.153,0.030,30.100
209.0718,64.0778,135615.77+640700.96,36,17.741,0.020,17.723,0.021,18.020,0.018,18.345,0.015,18.634,0.033,0.019,9.200
201.5073,63.4941,132603.42+632706.86,34,18.256,0.021,18.389,0.019,18.926,0.026,19.458,0.135,22.826,3.013,0.018,29.200
202.8019,54.8974,133107.04+545100.72,19,18.998,0.035,18.844,0.027,19.202,0.020,19.518,0.023,19.613,0.075,0.015,12.400
200.2832,58.0919,132117.01+580730.33,27,17.308,0.013,17.135,0.018,17.397,0.010,17.668,0.018,17.954,0.025,0.009,17.700
200.9345,58.6281,132342.26+583544.91,34,17.778,0.021,17.525,0.026,17.805,0.014,18.050,0.021,18.358,0.032,0.007,55.500
189.2248,56.1104,123647.46+560438.86,29,18.001,0.061,17.931,0.031,18.346,0.019,18.657,0.022,18.947,0.062,0.014,38.900
188.9413,56.5951,123554.44+563736.47,21,18.920,0.025,18.773,0.029,19.083,0.024,19.408,0.028,19.908,0.107,0.015,14.400
185.5150,54.8138,122153.99+545048.66,28,17.505,0.025,17.853,0.018,18.356,0.016,18.726,0.014,19.110,0.044,0.021,34.900
186.8396,56.6154,122717.40+563825.69,27,18.338,0.023,18.119,0.025,18.459,0.017,18.694,0.023,18.982,0.045,0.014,22.500
193.4829,58.3252,125400.30+581948.15,35,17.249,0.017,17.591,0.022,18.061,0.028,18.427,0.090,18.824,0.038,0.010,11.800
182.5932,56.3127,121032.07+561912.06,17,19.751,0.032,19.243,0.024,19.160,0.020,19.134,0.018,19.177,0.057,0.008,11.200
184.4001,57.4419,121730.65+572732.01,25,18.601,0.021,18.344,0.023,18.641,0.016,18.935,0.019,19.205,0.059,0.014,70.100
191.0654,60.9064,124420.46+605523.83,20,19.248,0.032,18.999,0.021,19.327,0.020,19.566,0.027,19.586,0.090,0.012,21.900
191.8130,61.8212,124713.50+614657.94,33,18.448,0.017,18.268,0.023,18.630,0.023,18.886,0.024,19.156,0.059,0.013,30.600
3.4840,24.2817,001403.94+241426.06,18,19.103,0.038,19.020,0.023,19.333,0.021,19.611,0.024,19.948,0.118,0.053,14.900
1.1134,23.8249,000419.92+235000.17,12,19.141,0.032,19.245,0.017,19.533,0.023,19.784,0.040,20.049,0.137,0.151,20.400
2.6516,25.6637,001043.55+253829.18,35,17.410,0.017,17.666,0.017,18.096,0.019,18.438,0.017,18.790,0.034,0.040,5.700
3.9676,24.9710,001549.44+245604.91,31,17.110,0.014,17.409,0.016,17.857,0.013,18.201,0.020,18.486,0.031,0.036,10.400
3.2878,22.7204,001310.12+224610.78,15,19.782,0.046,19.436,0.029,19.669,0.024,19.844,0.031,20.135,0.140,0.062,9.000
4.3927,24.1243,001737.40+240911.73,37,17.809,0.017,17.634,0.042,17.990,0.016,18.218,0.017,18.491,0.030,0.046,33.000
6.0554,24.6575,002409.66+244132.58,15,18.937,0.026,18.836,0.017,19.104,0.021,19.400,0.024,19.602,0.079,0.033,14.000
194.5156,65.1137,125749.41+650645.46,48,17.240,0.011,16.979,0.013,17.215,0.018,17.459,0.013,17.805,0.025,0.019,57.700
193.6334,65.0251,125425.68+650118.46,22,19.182,0.026,18.937,0.016,19.134,0.018,19.305,0.020,19.622,0.078,0.021,44.000
192.7604,65.0282,125053.21+650057.41,14,19.335,0.029,19.208,0.019,19.590,0.021,19.833,0.029,20.025,0.114,0.019,8.100
190.7593,65.9059,124319.59+655428.92,22,18.573,0.019,18.622,0.023,18.965,0.014,19.269,0.019,19.626,0.065,0.021,38.400
195.1117,66.3032,130033.76+661600.83,57,15.919,0.017,16.201,0.013,16.661,0.018,16.999,0.017,17.364,0.022,0.020,38.390
192.2072,68.2264,124838.42+681327.48,27,18.559,0.025,18.326,0.016,18.609,0.019,18.894,0.020,19.144,0.056,0.017,8.700
194.8516,68.1107,125943.88+680400.91,46,16.510,0.033,16.772,0.018,17.285,0.013,17.634,0.021,17.889,0.024,0.025,54.000
181.5553,67.7565,120623.20+674700.02,15,19.813,0.038,19.431,0.023,19.681,0.022,19.904,0.031,19.976,0.120,0.014,19.100
184.0020,68.4920,121611.15+682733.83,11,20.178,0.053,19.741,0.024,19.728,0.027,19.779,0.031,19.814,0.101,0.018,21.300
195.3252,60.2855,130128.61+601658.74,20,19.245,0.024,19.103,0.018,19.440,0.017,19.693,0.025,20.103,0.124,0.012,34.800
195.1966,60.9914,130052.25+605921.63,15,19.651,0.042,19.043,0.019,18.865,0.017,18.850,0.018,18.917,0.046,0.016,46.500
187.1789,58.4775,122833.30+583122.56,19,19.054,0.023,18.989,0.023,19.316,0.015,19.587,0.019,20.009,0.085,0.014,11.900
185.6021,58.8281,122218.55+584722.39,34,17.079,0.017,17.544,0.015,18.081,0.014,18.487,0.017,18.810,0.045,0.011,13.600
181.3951,58.5229,120551.29+582933.60,19,18.774,0.026,18.717,0.022,19.070,0.018,19.341,0.025,19.686,0.081,0.017,8.900
180.6539,58.4891,120232.72+582912.89,12,19.507,0.034,19.262,0.016,19.575,0.025,19.857,0.029,20.125,0.124,0.016,29.000
180.3367,59.7090,120132.69+594033.79,31,17.130,0.013,17.420,0.028,17.974,0.021,18.353,0.019,18.714,0.037,0.024,35.690
194.3273,61.6142,125706.73+613507.95,28,18.192,0.019,18.197,0.016,18.569,0.018,18.875,0.021,19.244,0.059,0.019,25.500
190.9258,62.2047,124356.24+621145.29,22,18.834,0.029,18.687,0.025,19.018,0.019,19.369,0.026,19.638,0.092,0.012,37.200
191.0918,63.0095,124427.45+630057.65,16,18.785,0.023,19.123,0.020,19.641,0.022,19.984,0.038,20.196,0.134,0.013,0.900
188.3402,63.1064,123314.21+630521.18,16,19.074,0.023,18.880,0.018,19.151,0.018,19.332,0.021,19.702,0.081,0.011,30.300
184.5602,66.1873,121814.50+661407.48,11,20.840,0.080,20.010,0.020,20.000,0.030,20.020,0.040,20.080,0.120,0.016,0.570
242.6213,59.2501,161016.19+591232.26,15,19.633,0.038,18.909,0.022,18.782,0.024,18.650,0.017,18.676,0.041,0.021,93.420
244.0941,59.5287,161616.94+593115.32,11,20.974,0.077,19.800,0.020,19.756,0.021,19.726,0.027,19.627,0.071,0.017,2.900
224.7097,60.4646,145838.56+602802.21,33,17.880,0.020,17.617,0.016,17.828,0.016,18.042,0.021,18.323,0.027,0.010,26.800
222.6349,61.6294,145046.05+613809.09,17,19.124,0.021,19.035,0.024,19.377,0.021,19.662,0.027,20.070,0.100,0.011,18.500
211.5260,66.4679,140611.25+662806.51,26,18.077,0.025,18.407,0.021,18.887,0.015,19.228,0.020,19.610,0.085,0.039,12.310
214.4915,52.4035,141800.79+522439.81,12,19.798,0.041,19.486,0.025,19.595,0.022,19.777,0.028,20.146,0.101,0.008,56.200
214.3741,52.8602,141724.11+525227.66,13,19.803,0.031,19.380,0.016,19.278,0.021,19.313,0.020,19.404,0.054,0.009,71.900
211.9373,51.8758,140750.31+515357.83,17,19.040,0.029,18.581,0.016,18.734,0.014,18.845,0.017,19.060,0.050,0.011,28.500
213.9214,53.7308,141523.73+534300.64,12,20.316,0.051,19.758,0.047,19.849,0.185,19.974,0.682,20.397,0.250,0.010,0.000
216.7062,52.5197,142647.91+523258.11,12,20.132,0.038,19.736,0.020,19.892,0.028,20.134,0.125,20.420,0.191,0.009,13.500
1.1991,-5.2919,000446.38-051833.60,18,19.208,0.027,18.884,0.045,18.742,0.018,18.766,0.018,18.893,0.037,0.041,41.900
359.8838,-3.5959,235932.80-033541.07,34,18.148,0.028,17.860,0.027,18.025,0.025,18.188,0.018,18.408,0.030,0.036,47.900
5.5518,-5.6262,002209.60-053905.01,11,20.540,0.068,19.985,0.032,19.744,0.042,19.708,0.030,19.680,0.079,0.036,5.000
42.5333,-4.6933,025010.97-044256.29,36,17.538,0.028,17.466,0.024,17.777,0.016,18.038,0.018,18.291,0.029,0.040,16.200
41.3308,-5.7545,024519.50-054536.26,22,18.906,0.026,18.818,0.032,19.130,0.021,19.418,0.024,19.805,0.099,0.037,32.700
41.4406,-5.2759,024549.90-051351.30,22,19.114,0.029,18.795,0.023,19.053,0.015,19.253,0.023,19.482,0.063,0.037,26.400
41.0322,-3.5198,024414.80-033151.46,33,18.068,0.036,17.992,0.022,18.279,0.027,18.646,0.021,18.859,0.044,0.028,13.600
40.3546,-6.3178,024120.95-061952.60,18,19.113,0.031,19.226,0.024,19.605,0.021,19.873,0.028,20.145,0.111,0.026,27.800
40.7298,-5.8350,024248.36-054941.68,30,18.048,0.021,18.264,0.030,18.665,0.014,18.976,0.018,19.200,0.078,0.031,6.300
43.8463,-8.6946,025518.15-084343.90,16,19.306,0.028,19.478,0.025,19.838,0.026,20.147,0.044,20.540,0.211,0.055,27.100
151.6214,61.9837,100617.57+615845.87,23,18.750,0.038,18.820,0.020,19.154,0.021,19.499,0.033,19.705,0.091,0.012,26.800
154.1317,65.4295,101625.78+652550.38,11,20.261,0.057,19.707,0.024,19.610,0.022,19.737,0.029,20.059,0.120,0.033,19.500
155.9715,64.7965,102344.10+645028.23,15,19.263,0.026,19.090,0.024,19.409,0.021,19.608,0.029,19.933,0.157,0.009,11.300
152.8150,56.5784,101104.37+563607.08,24,18.148,0.038,18.270,0.023,18.712,0.016,19.034,0.017,19.306,0.054,0.010,20.900
153.1304,58.0765,101245.71+580215.73,31,17.988,0.020,18.185,0.017,18.529,0.020,18.884,0.019,19.196,0.054,0.009,22.400
152.9284,60.1900,101143.53+601108.70,27,18.485,0.016,18.580,0.025,18.980,0.020,19.304,0.026,19.582,0.076,0.009,24.000
158.6671,58.6025,103504.26+583602.51,13,20.465,0.058,20.069,0.020,20.141,0.031,20.153,0.043,20.206,0.157,0.007,4.200
158.9699,58.8018,103608.26+584845.16,18,18.957,0.021,18.797,0.029,19.128,0.019,19.424,0.029,19.688,0.098,0.007,6.900
156.7134,62.2111,102632.82+621313.52,27,18.836,0.025,18.576,0.020,18.885,0.019,19.165,0.024,19.480,0.081,0.007,2.600
158.4604,61.7896,103326.58+614816.79,24,18.602,0.021,18.522,0.020,18.916,0.018,19.195,0.019,19.406,0.060,0.008,13.800
179.3557,57.8935,115725.44+575548.06,12,20.040,0.060,19.640,0.020,19.410,0.020,19.880,0.030,19.310,0.070,0.026,0.000
162.4730,57.7272,104934.68+574341.34,17,19.770,0.030,19.244,0.018,19.168,0.017,19.220,0.017,19.379,0.058,0.009,53.500
162.9638,57.5701,105147.93+573647.99,35,18.241,0.019,18.140,0.016,18.538,0.017,18.812,0.016,19.143,0.048,0.008,19.900
161.2423,59.5543,104455.07+593356.67,11,20.752,0.068,20.285,0.025,20.433,0.032,20.550,0.053,20.268,0.167,0.009,19.000
158.8572,60.9347,103510.47+605546.06,24,18.393,0.024,18.430,0.021,18.827,0.018,19.175,0.022,19.476,0.075,0.007,16.900
161.2773,61.9091,104457.66+615708.22,11,20.279,0.048,19.791,0.020,19.874,0.028,20.002,0.039,19.953,0.108,0.008,27.900
179.5339,59.9831,115804.65+595902.13,23,18.882,0.027,18.700,0.017,19.121,0.020,19.286,0.021,19.575,0.068,0.013,10.500
172.9094,57.6422,113118.07+573937.39,30,18.119,0.015,17.911,0.016,18.225,0.028,18.439,0.026,18.671,0.036,0.014,7.900
172.6414,58.2664,113026.23+581707.08,17,19.137,0.022,19.026,0.022,19.391,0.026,19.691,0.027,19.889,0.085,0.014,15.300
171.3905,57.0755,112531.09+570406.11,38,17.999,0.024,17.769,0.025,18.041,0.021,18.326,0.027,18.660,0.049,0.014,131.600
168.8240,56.6079,111521.91+563404.52,30,18.055,0.021,17.935,0.028,18.235,0.023,18.549,0.018,18.780,0.042,0.011,23.000
168.5484,57.1354,111410.95+571004.18,31,18.075,0.015,18.145,0.043,18.497,0.019,18.735,0.024,19.004,0.049,0.011,15.600
172.9658,57.9007,113149.38+575436.00,14,19.283,0.028,19.044,0.026,19.287,0.021,19.531,0.026,19.875,0.087,0.014,22.600
165.2855,56.8588,110111.38+564922.24,29,17.998,0.019,17.942,0.017,18.290,0.016,18.585,0.015,18.845,0.042,0.009,25.800
166.3255,59.0281,110514.13+590448.86,19,18.966,0.019,18.746,0.018,19.068,0.017,19.304,0.024,19.669,0.069,0.008,62.100
163.6250,61.3231,105442.85+611925.82,27,18.195,0.036,18.426,0.020,18.897,0.025,19.207,0.024,19.737,0.114,0.014,4.300
165.3031,60.7112,110118.50+604013.92,51,16.817,0.016,16.668,0.016,17.030,0.015,17.282,0.020,17.558,0.023,0.007,29.500
164.3881,64.0432,105725.64+640352.10,26,18.506,0.017,18.331,0.019,18.646,0.013,18.906,0.016,19.252,0.058,0.021,55.400
170.7875,60.5213,112322.47+602940.06,20,19.161,0.026,18.904,0.022,19.108,0.017,19.272,0.020,19.507,0.060,0.013,51.900
170.7608,62.0730,112254.17+620606.32,38,18.029,0.020,18.199,0.024,18.681,0.012,19.028,0.020,19.363,0.069,0.006,66.500
168.0224,63.0251,111205.50+630148.49,36,18.380,0.033,18.423,0.039,18.774,0.024,19.138,0.022,19.502,0.074,0.009,19.100
166.2716,64.0653,110447.94+640426.04,14,19.136,0.027,19.281,0.029,19.744,0.097,20.136,0.040,20.539,0.175,0.012,31.000
167.7795,65.5259,111129.23+652932.45,14,18.982,0.021,19.052,0.022,19.481,0.025,19.867,0.031,19.958,0.104,0.017,15.410
166.9570,65.7764,110757.09+654756.32,20,19.082,0.024,18.808,0.025,19.088,0.017,19.348,0.023,19.566,0.093,0.013,76.900
164.2154,66.5691,105646.26+663241.95,26,18.293,0.021,18.126,0.020,18.509,0.016,18.778,0.021,19.111,0.055,0.016,6.300
165.1579,66.9843,110036.93+665949.42,21,18.370,0.020,18.466,0.016,18.773,0.021,19.093,0.020,19.370,0.078,0.020,33.600
180.1675,64.3453,120040.98+641820.78,55,17.577,0.021,17.344,0.013,17.684,0.011,17.924,0.014,18.234,0.031,0.013,37.800
176.2112,63.9932,114458.17+635705.53,32,18.722,0.018,18.571,0.015,18.911,0.013,19.199,0.021,19.512,0.069,0.029,28.100
174.2467,62.4472,113719.02+622602.07,28,18.573,0.026,18.442,0.016,18.780,0.016,19.039,0.018,19.231,0.069,0.012,30.900
171.6695,63.2768,112658.83+631650.85,23,18.440,0.022,18.653,0.015,19.109,0.027,19.468,0.066,19.790,0.094,0.008,16.600
176.3923,66.5339,114529.66+663138.12,18,19.210,0.025,18.917,0.016,19.174,0.019,19.453,0.025,19.814,0.100,0.011,23.000
201.8728,59.0199,132724.67+590402.98,14,18.788,0.022,19.077,0.013,19.538,0.018,19.918,0.027,20.063,0.105,0.012,17.600
200.5675,58.9811,132208.23+590104.58,15,19.283,0.026,19.166,0.018,19.465,0.017,19.806,0.027,20.240,0.119,0.008,9.400
200.4075,59.1023,132150.94+590741.60,19,18.983,0.026,18.756,0.022,19.062,0.015,19.409,0.025,19.645,0.073,0.008,7.500
199.1942,58.4157,131639.94+582651.51,23,18.552,0.020,18.313,0.024,18.630,0.019,18.897,0.018,19.150,0.047,0.011,5.100
199.8612,59.8771,131937.73+595257.08,35,17.026,0.018,17.482,0.018,18.031,0.012,18.396,0.015,18.706,0.036,0.019,7.250
192.1090,66.6255,124824.49+663929.49,46,16.998,0.014,16.911,0.018,17.280,0.016,17.546,0.021,17.888,0.024,0.024,74.900
189.6490,66.0767,123827.91+660406.10,13,19.058,0.027,19.142,0.023,19.593,0.020,19.831,0.028,20.026,0.110,0.029,4.800
189.0245,66.7577,123602.42+664445.21,25,18.550,0.025,18.258,0.016,18.563,0.015,18.835,0.020,19.155,0.060,0.018,38.100
189.4000,68.0753,123742.30+680429.79,16,19.366,0.030,19.174,0.022,19.517,0.018,19.751,0.029,20.105,0.127,0.015,7.300
214.0111,63.1706,141617.37+631154.91,15,19.931,0.037,19.488,0.021,19.372,0.018,19.388,0.022,19.397,0.056,0.022,58.520
211.7998,63.8377,140704.32+634944.79,22,18.303,0.023,18.482,0.024,18.934,0.021,19.297,0.025,19.675,0.081,0.016,28.100
4.5847,33.7679,001817.47+334313.79,14,20.066,0.043,19.541,0.024,19.550,0.039,19.554,0.027,19.775,0.085,0.057,13.000
343.2799,31.5472,225309.34+313629.64,23,18.474,0.022,18.499,0.016,18.874,0.012,19.193,0.018,19.397,0.057,0.053,17.700
342.9160,32.2908,225125.52+321858.43,19,18.856,0.027,19.072,0.014,19.459,0.014,19.714,0.022,20.023,0.095,0.116,4.420
341.3165,32.4392,224520.15+322456.48,27,18.087,0.024,18.178,0.016,18.604,0.021,18.866,0.021,19.270,0.067,0.145,18.880
340.1084,31.8235,224019.49+314838.20,28,18.568,0.025,18.433,0.016,18.599,0.020,18.795,0.027,19.023,0.046,0.126,34.210
339.2363,32.6601,223656.92+323820.81,23,18.965,0.029,19.033,0.015,19.352,0.014,19.686,0.028,20.053,0.115,0.077,13.300
339.6722,33.1238,223834.82+330919.30,30,18.446,0.025,18.240,0.015,18.500,0.024,18.778,0.032,18.990,0.050,0.087,28.000
340.4540,32.9380,224136.40+325608.92,42,18.636,0.027,17.555,0.013,17.814,0.010,18.034,0.023,18.235,0.035,0.084,32.300
359.8387,-8.3058,235916.13-081555.50,22,18.977,0.083,18.286,0.023,18.298,0.015,18.348,0.019,18.441,0.038,0.033,80.100
22.2545,-7.3438,012854.44-072140.34,28,19.124,0.028,18.560,0.019,18.690,0.016,18.831,0.019,19.129,0.054,0.030,73.300
22.4533,-7.5383,012948.51-073204.57,11,20.817,0.087,19.776,0.024,19.681,0.024,19.790,0.026,19.627,0.083,0.034,5.400
0.9632,-9.9709,000347.16-095740.16,59,16.484,0.010,16.609,0.017,16.943,0.012,17.240,0.017,17.518,0.023,0.032,8.000
28.1765,-10.2608,015244.32-101620.81,15,19.208,0.025,19.269,0.027,19.624,0.023,19.973,0.037,20.283,0.190,0.024,8.400
28.0818,-9.0546,015211.73-090502.59,27,18.820,0.028,18.753,0.022,19.030,0.021,19.341,0.023,19.661,0.118,0.023,23.300
125.9019,54.2936,082346.47+541546.11,14,19.194,0.026,19.472,0.020,19.845,0.025,20.247,0.041,20.543,0.220,0.048,19.100
122.7874,57.4705,081117.40+572623.51,13,19.581,0.031,19.354,0.019,19.557,0.022,19.713,0.027,19.622,0.068,0.047,83.300
122.8111,54.4583,081101.81+542746.56,12,20.046,0.044,19.884,0.021,20.195,0.030,20.459,0.048,20.870,0.230,0.042,9.100
135.4068,50.7478,090120.66+504414.33,17,19.865,0.033,19.418,0.016,19.621,0.018,19.805,0.028,20.035,0.096,0.027,17.500
158.2705,48.0197,103306.41+475938.01,20,18.408,0.025,18.683,0.032,19.137,0.018,19.524,0.024,19.802,0.087,0.016,4.360
172.1132,46.1192,112825.97+460839.15,14,19.620,0.041,19.160,0.034,19.275,0.019,19.429,0.027,19.717,0.085,0.018,51.300
200.1266,45.7531,132029.87+454511.34,17,19.343,0.041,18.867,0.019,19.052,0.031,19.599,0.220,19.648,0.514,0.039,32.200
199.4322,47.2782,131743.19+471359.00,15,19.580,0.030,19.508,0.022,19.782,0.020,20.068,0.029,20.331,0.107,0.014,40.400
197.0261,47.2642,130803.02+471415.24,17,19.357,0.028,18.975,0.017,19.205,0.017,19.502,0.026,19.640,0.069,0.009,46.900
198.8599,46.5588,131523.15+463242.59,15,19.030,0.023,19.141,0.024,19.595,0.020,19.867,0.023,20.103,0.089,0.011,25.300
185.6159,45.9712,122226.90+455742.34,17,19.534,0.034,19.042,0.016,19.168,0.020,19.336,0.024,19.613,0.091,0.013,38.100
207.9527,45.4367,135149.28+452756.16,14,19.032,0.023,19.380,0.034,19.857,0.023,20.208,0.033,20.485,0.134,0.016,22.090
142.9962,61.5338,093156.19+613017.61,11,20.650,0.067,19.946,0.030,19.993,0.028,20.134,0.038,20.115,0.128,0.038,5.800
141.0691,61.1024,092411.55+610437.79,15,19.550,0.029,19.304,0.027,19.557,0.019,19.827,0.029,19.980,0.099,0.025,24.400
139.4774,61.9400,091808.86+615441.66,17,19.246,0.029,19.143,0.016,19.474,0.023,19.896,0.035,20.064,0.112,0.030,112.200
140.8730,62.2611,092324.44+621511.67,16,19.136,0.033,19.142,0.022,19.539,0.024,19.924,0.035,20.301,0.140,0.025,5.500
134.9834,47.2876,085955.55+471504.21,25,17.847,0.028,17.467,0.062,17.579,0.159,17.655,0.233,18.029,0.451,0.023,0.000
